id,institute_id,course_id,academic_year,seats,seats_filled,completion_rate,source,source_ref,fetched_at,license_note,is_synthetic
7c337dc1-3c1b-56c4-a5e7-d2b73862bb61,d14d2014-ee89-5e54-bea6-76bbc590a3e1,70530acf-b743-519e-8a05-85c162dd1759,2024-25,60,58,0.8793,Y05,"KaushalSetu synthetic generator v2, seed 20260929",2026-09-28T12:00:00+05:30,"SYNTHETIC demo data (KaushalSetu SIH prototype): fictional entities, team-assumed numbers, not real or official statistics.",true
d85ead1c-ac63-5848-93e7-fbbefb0ff135,d14d2014-ee89-5e54-bea6-76bbc590a3e1,70530acf-b743-519e-8a05-85c162dd1759,2025-26,60,57,0.8596,Y05,"KaushalSetu synthetic generator v2, seed 20260929",2026-09-28T12:00:00+05:30,"SYNTHETIC demo data (KaushalSetu SIH prototype): fictional entities, team-assumed numbers, not real or official statistics.",true
1edd166a-e5f5-5b10-ba3e-6c9005278d0d,d14d2014-ee89-5e54-bea6-76bbc590a3e1,f817b252-9aa6-5e4c-bc0c-30c6f846465a,2024-25,60,53,0.8491,Y05,"KaushalSetu synthetic generator v2, seed 20260929",2026-09-28T12:00:00+05:30,"SYNTHETIC demo data (KaushalSetu SIH prototype): fictional entities, team-assumed numbers, not real or official statistics.",true
0f5fad00-0142-51b0-a8b4-cb05fd4ff426,d14d2014-ee89-5e54-bea6-76bbc590a3e1,f817b252-9aa6-5e4c-bc0c-30c6f846465a,2025-26,60,52,0.8462,Y05,"KaushalSetu synthetic generator v2, seed 20260929",2026-09-28T12:00:00+05:30,"SYNTHETIC demo data (KaushalSetu SIH prototype): fictional entities, team-assumed numbers, not real or official statistics.",true
3cf9cc30-6183-5e04-8aa5-4cb54f19cfbc,3a7c32d9-7ca6-5544-86a7-cb4db7032651,70530acf-b743-519e-8a05-85c162dd1759,2024-25,40,36,0.8333,Y05,"KaushalSetu synthetic generator v2, seed 20260929",2026-09-28T12:00:00+05:30,"SYNTHETIC demo data (KaushalSetu SIH prototype): fictional entities, team-assumed numbers, not real or official statistics.",true
765264b5-3233-5f0e-8ecd-b97e23fdc0d6,3a7c32d9-7ca6-5544-86a7-cb4db7032651,70530acf-b743-519e-8a05-85c162dd1759,2025-26,40,35,0.8571,Y05,"KaushalSetu synthetic generator v2, seed 20260929",2026-09-28T12:00:00+05:30,"SYNTHETIC demo data (KaushalSetu SIH prototype): fictional entities, team-assumed numbers, not real or official statistics.",true
b1f6d11f-ed15-5307-a6e5-98f313a3a7fc,2e673078-52f9-5516-977f-a174f6c8483b,01ebdc52-776a-52e3-aba2-4f6c58224408,2024-25,60,52,0.9038,Y05,"KaushalSetu synthetic generator v2, seed 20260929",2026-09-28T12:00:00+05:30,"SYNTHETIC demo data (KaushalSetu SIH prototype): fictional entities, team-assumed numbers, not real or official statistics.",true
3fa1699b-0b59-564e-b468-f0133d7a4868,2e673078-52f9-5516-977f-a174f6c8483b,01ebdc52-776a-52e3-aba2-4f6c58224408,2025-26,60,55,0.9091,Y05,"KaushalSetu synthetic generator v2, seed 20260929",2026-09-28T12:00:00+05:30,"SYNTHETIC demo data (KaushalSetu SIH prototype): fictional entities, team-assumed numbers, not real or official statistics.",true
ca5e70d7-d941-5d1e-bdd6-b3ecb4cacdeb,934accd7-4dfc-5f36-8c9f-8e94260f8225,70530acf-b743-519e-8a05-85c162dd1759,2024-25,60,59,0.8983,Y05,"KaushalSetu synthetic generator v2, seed 20260929",2026-09-28T12:00:00+05:30,"SYNTHETIC demo data (KaushalSetu SIH prototype): fictional entities, team-assumed numbers, not real or official statistics.",true
d46a5660-353b-539a-aa08-5c9a0dec58ed,934accd7-4dfc-5f36-8c9f-8e94260f8225,70530acf-b743-519e-8a05-85c162dd1759,2025-26,60,58,0.8966,Y05,"KaushalSetu synthetic generator v2, seed 20260929",2026-09-28T12:00:00+05:30,"SYNTHETIC demo data (KaushalSetu SIH prototype): fictional entities, team-assumed numbers, not real or official statistics.",true
47be4da4-4d67-5fc2-87c2-d29ce4fb33b0,934accd7-4dfc-5f36-8c9f-8e94260f8225,f817b252-9aa6-5e4c-bc0c-30c6f846465a,2024-25,60,54,0.9074,Y05,"KaushalSetu synthetic generator v2, seed 20260929",2026-09-28T12:00:00+05:30,"SYNTHETIC demo data (KaushalSetu SIH prototype): fictional entities, team-assumed numbers, not real or official statistics.",true
3b277a30-50d4-5df9-8564-52c6c653cace,934accd7-4dfc-5f36-8c9f-8e94260f8225,f817b252-9aa6-5e4c-bc0c-30c6f846465a,2025-26,60,52,0.9038,Y05,"KaushalSetu synthetic generator v2, seed 20260929",2026-09-28T12:00:00+05:30,"SYNTHETIC demo data (KaushalSetu SIH prototype): fictional entities, team-assumed numbers, not real or official statistics.",true
f60a3cb6-8092-50a1-86fc-2e47bb47b928,0a1bfc97-a7df-54e7-937c-0a7953c2c74e,52e30140-ee79-5def-b20e-827748ee98d1,2024-25,40,38,0.9211,Y05,"KaushalSetu synthetic generator v2, seed 20260929",2026-09-28T12:00:00+05:30,"SYNTHETIC demo data (KaushalSetu SIH prototype): fictional entities, team-assumed numbers, not real or official statistics.",true
bc0c6af7-ab90-5604-b296-6c84007a9d21,0a1bfc97-a7df-54e7-937c-0a7953c2c74e,52e30140-ee79-5def-b20e-827748ee98d1,2025-26,40,40,0.925,Y05,"KaushalSetu synthetic generator v2, seed 20260929",2026-09-28T12:00:00+05:30,"SYNTHETIC demo data (KaushalSetu SIH prototype): fictional entities, team-assumed numbers, not real or official statistics.",true
4fc5bf4d-2e2c-5c2e-b7d0-d11d5715e577,0a1bfc97-a7df-54e7-937c-0a7953c2c74e,4219134e-390a-5c9b-b661-61b1c10be2a4,2024-25,30,28,0.9286,Y05,"KaushalSetu synthetic generator v2, seed 20260929",2026-09-28T12:00:00+05:30,"SYNTHETIC demo data (KaushalSetu SIH prototype): fictional entities, team-assumed numbers, not real or official statistics.",true
444f1cd9-d2a7-5f1d-bc7a-83e8a6af863e,0a1bfc97-a7df-54e7-937c-0a7953c2c74e,4219134e-390a-5c9b-b661-61b1c10be2a4,2025-26,30,30,0.9333,Y05,"KaushalSetu synthetic generator v2, seed 20260929",2026-09-28T12:00:00+05:30,"SYNTHETIC demo data (KaushalSetu SIH prototype): fictional entities, team-assumed numbers, not real or official statistics.",true
4bd99b7f-0644-59a2-927c-d18f9a9ffb3c,a544e542-10ec-5562-a948-c1b6d7662202,70530acf-b743-519e-8a05-85c162dd1759,2024-25,40,37,0.8649,Y05,"KaushalSetu synthetic generator v2, seed 20260929",2026-09-28T12:00:00+05:30,"SYNTHETIC demo data (KaushalSetu SIH prototype): fictional entities, team-assumed numbers, not real or official statistics.",true
ebb6c8d9-3339-5327-bb69-a1301734bd05,a544e542-10ec-5562-a948-c1b6d7662202,70530acf-b743-519e-8a05-85c162dd1759,2025-26,40,38,0.8684,Y05,"KaushalSetu synthetic generator v2, seed 20260929",2026-09-28T12:00:00+05:30,"SYNTHETIC demo data (KaushalSetu SIH prototype): fictional entities, team-assumed numbers, not real or official statistics.",true
79ddc030-c8a6-56f3-9c59-af9178ac08e6,a544e542-10ec-5562-a948-c1b6d7662202,01ebdc52-776a-52e3-aba2-4f6c58224408,2024-25,60,50,0.9,Y05,"KaushalSetu synthetic generator v2, seed 20260929",2026-09-28T12:00:00+05:30,"SYNTHETIC demo data (KaushalSetu SIH prototype): fictional entities, team-assumed numbers, not real or official statistics.",true
6aa0f3c7-de25-5901-939b-ccdad83e1eac,a544e542-10ec-5562-a948-c1b6d7662202,01ebdc52-776a-52e3-aba2-4f6c58224408,2025-26,60,54,0.9074,Y05,"KaushalSetu synthetic generator v2, seed 20260929",2026-09-28T12:00:00+05:30,"SYNTHETIC demo data (KaushalSetu SIH prototype): fictional entities, team-assumed numbers, not real or official statistics.",true
045d3698-09c9-53de-a129-3a36e9fde145,b9528430-ebb4-544a-b476-b0531181eea6,70530acf-b743-519e-8a05-85c162dd1759,2024-25,60,55,0.8727,Y05,"KaushalSetu synthetic generator v2, seed 20260929",2026-09-28T12:00:00+05:30,"SYNTHETIC demo data (KaushalSetu SIH prototype): fictional entities, team-assumed numbers, not real or official statistics.",true
f72542d0-129e-5f59-980d-e48b9a1a511d,b9528430-ebb4-544a-b476-b0531181eea6,70530acf-b743-519e-8a05-85c162dd1759,2025-26,60,56,0.875,Y05,"KaushalSetu synthetic generator v2, seed 20260929",2026-09-28T12:00:00+05:30,"SYNTHETIC demo data (KaushalSetu SIH prototype): fictional entities, team-assumed numbers, not real or official statistics.",true
af965629-d4a2-54e2-8e5e-85334d787500,b9528430-ebb4-544a-b476-b0531181eea6,f817b252-9aa6-5e4c-bc0c-30c6f846465a,2024-25,60,55,0.8545,Y05,"KaushalSetu synthetic generator v2, seed 20260929",2026-09-28T12:00:00+05:30,"SYNTHETIC demo data (KaushalSetu SIH prototype): fictional entities, team-assumed numbers, not real or official statistics.",true
d4235306-328a-565f-b5d8-e67ba1c1c786,b9528430-ebb4-544a-b476-b0531181eea6,f817b252-9aa6-5e4c-bc0c-30c6f846465a,2025-26,60,54,0.8519,Y05,"KaushalSetu synthetic generator v2, seed 20260929",2026-09-28T12:00:00+05:30,"SYNTHETIC demo data (KaushalSetu SIH prototype): fictional entities, team-assumed numbers, not real or official statistics.",true
af12738b-ade6-5472-b8bf-b28f86ebb88a,559407cf-984a-5e5f-aa4e-1e5a396e1c2b,01ebdc52-776a-52e3-aba2-4f6c58224408,2024-25,60,54,0.9074,Y05,"KaushalSetu synthetic generator v2, seed 20260929",2026-09-28T12:00:00+05:30,"SYNTHETIC demo data (KaushalSetu SIH prototype): fictional entities, team-assumed numbers, not real or official statistics.",true
06317f54-5389-5a81-8d71-c681a42e451c,559407cf-984a-5e5f-aa4e-1e5a396e1c2b,01ebdc52-776a-52e3-aba2-4f6c58224408,2025-26,60,56,0.8929,Y05,"KaushalSetu synthetic generator v2, seed 20260929",2026-09-28T12:00:00+05:30,"SYNTHETIC demo data (KaushalSetu SIH prototype): fictional entities, team-assumed numbers, not real or official statistics.",true
97a4b4eb-7f4b-5c14-996a-23f84d9d62f4,559407cf-984a-5e5f-aa4e-1e5a396e1c2b,4219134e-390a-5c9b-b661-61b1c10be2a4,2024-25,30,24,0.9167,Y05,"KaushalSetu synthetic generator v2, seed 20260929",2026-09-28T12:00:00+05:30,"SYNTHETIC demo data (KaushalSetu SIH prototype): fictional entities, team-assumed numbers, not real or official statistics.",true
633bb20b-ee21-5cc9-a328-3061d8c01d11,559407cf-984a-5e5f-aa4e-1e5a396e1c2b,4219134e-390a-5c9b-b661-61b1c10be2a4,2025-26,30,26,0.9231,Y05,"KaushalSetu synthetic generator v2, seed 20260929",2026-09-28T12:00:00+05:30,"SYNTHETIC demo data (KaushalSetu SIH prototype): fictional entities, team-assumed numbers, not real or official statistics.",true
9ce4680f-5f19-5889-a81a-4f8981ebe0ca,78b1a0b6-76ac-577a-b682-d55c09c0a608,f817b252-9aa6-5e4c-bc0c-30c6f846465a,2024-25,80,78,0.9103,Y05,"KaushalSetu synthetic generator v2, seed 20260929",2026-09-28T12:00:00+05:30,"SYNTHETIC demo data (KaushalSetu SIH prototype): fictional entities, team-assumed numbers, not real or official statistics.",true
d4f7ebc1-bd73-5f05-87b1-f094dbfdf669,78b1a0b6-76ac-577a-b682-d55c09c0a608,f817b252-9aa6-5e4c-bc0c-30c6f846465a,2025-26,80,76,0.8947,Y05,"KaushalSetu synthetic generator v2, seed 20260929",2026-09-28T12:00:00+05:30,"SYNTHETIC demo data (KaushalSetu SIH prototype): fictional entities, team-assumed numbers, not real or official statistics.",true
36b4c2e5-1855-5257-aba0-fe1e329a222c,78b1a0b6-76ac-577a-b682-d55c09c0a608,70530acf-b743-519e-8a05-85c162dd1759,2024-25,40,36,0.8611,Y05,"KaushalSetu synthetic generator v2, seed 20260929",2026-09-28T12:00:00+05:30,"SYNTHETIC demo data (KaushalSetu SIH prototype): fictional entities, team-assumed numbers, not real or official statistics.",true
8005f6ab-b565-5f6a-a2d6-6c12a32e3b97,78b1a0b6-76ac-577a-b682-d55c09c0a608,70530acf-b743-519e-8a05-85c162dd1759,2025-26,40,35,0.8571,Y05,"KaushalSetu synthetic generator v2, seed 20260929",2026-09-28T12:00:00+05:30,"SYNTHETIC demo data (KaushalSetu SIH prototype): fictional entities, team-assumed numbers, not real or official statistics.",true
5feecb25-8e1b-5c5b-9d94-8162577cebff,f8a9a706-6d2e-57aa-887d-3828a532ce45,f817b252-9aa6-5e4c-bc0c-30c6f846465a,2024-25,60,58,0.8966,Y05,"KaushalSetu synthetic generator v2, seed 20260929",2026-09-28T12:00:00+05:30,"SYNTHETIC demo data (KaushalSetu SIH prototype): fictional entities, team-assumed numbers, not real or official statistics.",true
5c703ff3-07db-59d5-8ead-804190552cf0,f8a9a706-6d2e-57aa-887d-3828a532ce45,f817b252-9aa6-5e4c-bc0c-30c6f846465a,2025-26,60,57,0.8947,Y05,"KaushalSetu synthetic generator v2, seed 20260929",2026-09-28T12:00:00+05:30,"SYNTHETIC demo data (KaushalSetu SIH prototype): fictional entities, team-assumed numbers, not real or official statistics.",true
