id,course_id,sequence,title,hours,is_elective,description,source,source_ref,fetched_at,license_note,is_synthetic
165f3729-9659-595f-9a20-e1fa2968572a,70530acf-b743-519e-8a05-85c162dd1759,1,Electrical Wiring,120,false,,Y13,"KaushalSetu synthetic generator v2, seed 20260929",2026-09-28T12:00:00+05:30,"SYNTHETIC demo data (KaushalSetu SIH prototype): fictional entities, team-assumed numbers, not real or official statistics.",true
48a69b01-93b7-54fb-9d05-f72b63cd2f07,70530acf-b743-519e-8a05-85c162dd1759,2,Electrical Safety,40,false,,Y13,"KaushalSetu synthetic generator v2, seed 20260929",2026-09-28T12:00:00+05:30,"SYNTHETIC demo data (KaushalSetu SIH prototype): fictional entities, team-assumed numbers, not real or official statistics.",true
26d39a1b-2620-5b4f-9e75-2a931e4a6c2c,70530acf-b743-519e-8a05-85c162dd1759,3,Basic Motors,60,false,,Y13,"KaushalSetu synthetic generator v2, seed 20260929",2026-09-28T12:00:00+05:30,"SYNTHETIC demo data (KaushalSetu SIH prototype): fictional entities, team-assumed numbers, not real or official statistics.",true
8a8f5bff-8e2f-561b-a3fc-76f606386cce,70530acf-b743-519e-8a05-85c162dd1759,4,Motor Rewinding,60,false,,Y13,"KaushalSetu synthetic generator v2, seed 20260929",2026-09-28T12:00:00+05:30,"SYNTHETIC demo data (KaushalSetu SIH prototype): fictional entities, team-assumed numbers, not real or official statistics.",true
5a6d86d0-3a61-519b-ba3e-43784f1b92d8,f817b252-9aa6-5e4c-bc0c-30c6f846465a,1,Domestic Wiring Practice,100,false,,Y13,"KaushalSetu synthetic generator v2, seed 20260929",2026-09-28T12:00:00+05:30,"SYNTHETIC demo data (KaushalSetu SIH prototype): fictional entities, team-assumed numbers, not real or official statistics.",true
e4123cc3-a01e-5428-b50d-ae4f5550c8a3,f817b252-9aa6-5e4c-bc0c-30c6f846465a,2,Cable Laying and Jointing,50,false,,Y13,"KaushalSetu synthetic generator v2, seed 20260929",2026-09-28T12:00:00+05:30,"SYNTHETIC demo data (KaushalSetu SIH prototype): fictional entities, team-assumed numbers, not real or official statistics.",true
0bc2227f-33ce-5c0b-aa8d-dacd34b67941,f817b252-9aa6-5e4c-bc0c-30c6f846465a,3,Electrical Safety Basics,30,false,,Y13,"KaushalSetu synthetic generator v2, seed 20260929",2026-09-28T12:00:00+05:30,"SYNTHETIC demo data (KaushalSetu SIH prototype): fictional entities, team-assumed numbers, not real or official statistics.",true
efd178e0-9fc5-5a46-a951-d79f6ffab855,52e30140-ee79-5def-b20e-827748ee98d1,1,High-Voltage Safety for EVs,30,false,,Y13,"KaushalSetu synthetic generator v2, seed 20260929",2026-09-28T12:00:00+05:30,"SYNTHETIC demo data (KaushalSetu SIH prototype): fictional entities, team-assumed numbers, not real or official statistics.",true
56ea12c6-e6c8-557d-9932-684c9bf2e786,52e30140-ee79-5def-b20e-827748ee98d1,2,EV Diagnostics,80,false,,Y13,"KaushalSetu synthetic generator v2, seed 20260929",2026-09-28T12:00:00+05:30,"SYNTHETIC demo data (KaushalSetu SIH prototype): fictional entities, team-assumed numbers, not real or official statistics.",true
b490813c-d14d-5e66-b040-cad7530c73b4,52e30140-ee79-5def-b20e-827748ee98d1,3,Battery Management Systems,60,false,,Y13,"KaushalSetu synthetic generator v2, seed 20260929",2026-09-28T12:00:00+05:30,"SYNTHETIC demo data (KaushalSetu SIH prototype): fictional entities, team-assumed numbers, not real or official statistics.",true
2a2dcb86-9310-5f48-85ed-e21afb34aabb,52e30140-ee79-5def-b20e-827748ee98d1,4,EV Motor and Controller Basics,50,false,,Y13,"KaushalSetu synthetic generator v2, seed 20260929",2026-09-28T12:00:00+05:30,"SYNTHETIC demo data (KaushalSetu SIH prototype): fictional entities, team-assumed numbers, not real or official statistics.",true
afef4c34-05e3-5451-b83e-2a4d2fe920f9,52e30140-ee79-5def-b20e-827748ee98d1,5,Customer Handling,20,false,,Y13,"KaushalSetu synthetic generator v2, seed 20260929",2026-09-28T12:00:00+05:30,"SYNTHETIC demo data (KaushalSetu SIH prototype): fictional entities, team-assumed numbers, not real or official statistics.",true
ff82f381-6b3a-51bf-ad1f-b947427fbfa4,4219134e-390a-5c9b-b661-61b1c10be2a4,1,EV Charging Systems,60,false,,Y13,"KaushalSetu synthetic generator v2, seed 20260929",2026-09-28T12:00:00+05:30,"SYNTHETIC demo data (KaushalSetu SIH prototype): fictional entities, team-assumed numbers, not real or official statistics.",true
bd553777-13f3-5a45-b5cb-85f8bad83d9a,4219134e-390a-5c9b-b661-61b1c10be2a4,2,Wiring and Earthing for Chargers,40,false,,Y13,"KaushalSetu synthetic generator v2, seed 20260929",2026-09-28T12:00:00+05:30,"SYNTHETIC demo data (KaushalSetu SIH prototype): fictional entities, team-assumed numbers, not real or official statistics.",true
a93e85fd-fe82-524b-948d-5846b31820ea,4219134e-390a-5c9b-b661-61b1c10be2a4,3,Safety and Testing,30,false,,Y13,"KaushalSetu synthetic generator v2, seed 20260929",2026-09-28T12:00:00+05:30,"SYNTHETIC demo data (KaushalSetu SIH prototype): fictional entities, team-assumed numbers, not real or official statistics.",true
c6a2d131-cade-57bc-a2e3-9e446ed84efb,01ebdc52-776a-52e3-aba2-4f6c58224408,1,Site Survey,20,false,,Y13,"KaushalSetu synthetic generator v2, seed 20260929",2026-09-28T12:00:00+05:30,"SYNTHETIC demo data (KaushalSetu SIH prototype): fictional entities, team-assumed numbers, not real or official statistics.",true
596c640a-b722-5d8b-b85d-9d4b5ca88908,01ebdc52-776a-52e3-aba2-4f6c58224408,2,PV Installation,80,false,,Y13,"KaushalSetu synthetic generator v2, seed 20260929",2026-09-28T12:00:00+05:30,"SYNTHETIC demo data (KaushalSetu SIH prototype): fictional entities, team-assumed numbers, not real or official statistics.",true
286122cb-b804-5dc5-b31c-cf9db6ed6949,01ebdc52-776a-52e3-aba2-4f6c58224408,3,Inverters and Commissioning,50,false,,Y13,"KaushalSetu synthetic generator v2, seed 20260929",2026-09-28T12:00:00+05:30,"SYNTHETIC demo data (KaushalSetu SIH prototype): fictional entities, team-assumed numbers, not real or official statistics.",true
baeeeb8b-0308-57f8-8058-f9a1c9c37603,01ebdc52-776a-52e3-aba2-4f6c58224408,4,Electrical Safety on Site,30,false,,Y13,"KaushalSetu synthetic generator v2, seed 20260929",2026-09-28T12:00:00+05:30,"SYNTHETIC demo data (KaushalSetu SIH prototype): fictional entities, team-assumed numbers, not real or official statistics.",true
