id,code,name,sector_id,district_id,size,is_msme_registered,source,source_ref,fetched_at,license_note,is_synthetic
512ec453-5056-562c-84b6-9f3422804d70,EX-EMP-NSK-01,"Example EV Service Hub, Nashik",1491bcd2-cd6a-5dd1-b497-46780309fd2e,fd3a219f-22fb-5952-b605-24e02df41044,SMALL,true,Y15,"KaushalSetu synthetic generator v2, seed 20260929",2026-09-28T12:00:00+05:30,"SYNTHETIC demo data (KaushalSetu SIH prototype): fictional entities, team-assumed numbers, not real or official statistics.",true
11483913-5e52-50ca-89d9-03c56a315e02,EX-EMP-NSK-02,"Example Auto Components Unit, Nashik",1491bcd2-cd6a-5dd1-b497-46780309fd2e,fd3a219f-22fb-5952-b605-24e02df41044,MEDIUM,true,Y15,"KaushalSetu synthetic generator v2, seed 20260929",2026-09-28T12:00:00+05:30,"SYNTHETIC demo data (KaushalSetu SIH prototype): fictional entities, team-assumed numbers, not real or official statistics.",true
0bbcec85-57c4-5c3e-9ef6-bc86fcafeb57,EX-EMP-NSK-03,"Example Charge Point Services, Nashik",1491bcd2-cd6a-5dd1-b497-46780309fd2e,fd3a219f-22fb-5952-b605-24e02df41044,SMALL,true,Y15,"KaushalSetu synthetic generator v2, seed 20260929",2026-09-28T12:00:00+05:30,"SYNTHETIC demo data (KaushalSetu SIH prototype): fictional entities, team-assumed numbers, not real or official statistics.",true
8087cd2c-1ad4-58f9-8325-890f2ad4708c,EX-EMP-NSK-04,"Example Electricals and Contractors, Nashik",ce1ef415-827a-5504-a229-0887c2167145,fd3a219f-22fb-5952-b605-24e02df41044,SMALL,true,Y15,"KaushalSetu synthetic generator v2, seed 20260929",2026-09-28T12:00:00+05:30,"SYNTHETIC demo data (KaushalSetu SIH prototype): fictional entities, team-assumed numbers, not real or official statistics.",true
deb5e7b6-5a52-56b6-ae91-388a9f5334eb,EX-EMP-NSK-05,"Example Motor Works, Nashik",ce1ef415-827a-5504-a229-0887c2167145,fd3a219f-22fb-5952-b605-24e02df41044,MICRO,true,Y15,"KaushalSetu synthetic generator v2, seed 20260929",2026-09-28T12:00:00+05:30,"SYNTHETIC demo data (KaushalSetu SIH prototype): fictional entities, team-assumed numbers, not real or official statistics.",true
315af447-fae0-50c4-bd2b-b0bbc0420fde,EX-EMP-NSK-06,"Example Solar Rooftops, Nashik",29844da5-c7bc-5089-aedd-99bbdee8662b,fd3a219f-22fb-5952-b605-24e02df41044,SMALL,true,Y15,"KaushalSetu synthetic generator v2, seed 20260929",2026-09-28T12:00:00+05:30,"SYNTHETIC demo data (KaushalSetu SIH prototype): fictional entities, team-assumed numbers, not real or official statistics.",true
3279c38b-cd9b-5a66-b557-a1694588e03b,EX-EMP-PUN-01,"Example EV Workshop, Pune",1491bcd2-cd6a-5dd1-b497-46780309fd2e,05d7354b-c53f-5e04-95e5-eb977f8c1379,SMALL,true,Y15,"KaushalSetu synthetic generator v2, seed 20260929",2026-09-28T12:00:00+05:30,"SYNTHETIC demo data (KaushalSetu SIH prototype): fictional entities, team-assumed numbers, not real or official statistics.",true
eeaa9e8e-169f-5cf5-9a5a-062372622489,EX-EMP-PUN-02,"Example Charging Networks, Pune",1491bcd2-cd6a-5dd1-b497-46780309fd2e,05d7354b-c53f-5e04-95e5-eb977f8c1379,MEDIUM,false,Y15,"KaushalSetu synthetic generator v2, seed 20260929",2026-09-28T12:00:00+05:30,"SYNTHETIC demo data (KaushalSetu SIH prototype): fictional entities, team-assumed numbers, not real or official statistics.",true
0ea66e99-de75-54f1-ae1c-04860fbff6f2,EX-EMP-PUN-03,"Example Electrical Services, Pune",ce1ef415-827a-5504-a229-0887c2167145,05d7354b-c53f-5e04-95e5-eb977f8c1379,SMALL,true,Y15,"KaushalSetu synthetic generator v2, seed 20260929",2026-09-28T12:00:00+05:30,"SYNTHETIC demo data (KaushalSetu SIH prototype): fictional entities, team-assumed numbers, not real or official statistics.",true
779cbcc5-b042-595e-98de-03c1ff54ac17,EX-EMP-PUN-04,"Example Solar Integrators, Pune",29844da5-c7bc-5089-aedd-99bbdee8662b,05d7354b-c53f-5e04-95e5-eb977f8c1379,MEDIUM,true,Y15,"KaushalSetu synthetic generator v2, seed 20260929",2026-09-28T12:00:00+05:30,"SYNTHETIC demo data (KaushalSetu SIH prototype): fictional entities, team-assumed numbers, not real or official statistics.",true
01013bf4-3540-5578-ae29-98db727de7bb,EX-EMP-NGP-01,"Example Power Contractors, Nagpur",ce1ef415-827a-5504-a229-0887c2167145,944d9d62-c375-5e41-8420-b65a108a0a38,MEDIUM,true,Y15,"KaushalSetu synthetic generator v2, seed 20260929",2026-09-28T12:00:00+05:30,"SYNTHETIC demo data (KaushalSetu SIH prototype): fictional entities, team-assumed numbers, not real or official statistics.",true
57e05900-a755-5fc2-a213-b12302cf9ed2,EX-EMP-NGP-02,"Example Solar EPC, Nagpur",29844da5-c7bc-5089-aedd-99bbdee8662b,944d9d62-c375-5e41-8420-b65a108a0a38,SMALL,true,Y15,"KaushalSetu synthetic generator v2, seed 20260929",2026-09-28T12:00:00+05:30,"SYNTHETIC demo data (KaushalSetu SIH prototype): fictional entities, team-assumed numbers, not real or official statistics.",true
66d193ef-6fd9-51b9-9370-6f89e9a0e96b,EX-EMP-NGP-03,"Example Motor Repair Centre, Nagpur",ce1ef415-827a-5504-a229-0887c2167145,944d9d62-c375-5e41-8420-b65a108a0a38,MICRO,true,Y15,"KaushalSetu synthetic generator v2, seed 20260929",2026-09-28T12:00:00+05:30,"SYNTHETIC demo data (KaushalSetu SIH prototype): fictional entities, team-assumed numbers, not real or official statistics.",true
ac2affc1-49cc-5d1a-884c-73e0399f17f3,EX-EMP-KOP-01,"Example Wiring Contractors, Kolhapur",ce1ef415-827a-5504-a229-0887c2167145,d8954509-dece-5c60-9466-34cd75d462cb,SMALL,true,Y15,"KaushalSetu synthetic generator v2, seed 20260929",2026-09-28T12:00:00+05:30,"SYNTHETIC demo data (KaushalSetu SIH prototype): fictional entities, team-assumed numbers, not real or official statistics.",true
5a42ca7c-88ac-5cb4-bb7a-623130be262b,EX-EMP-KOP-02,"Example Electricals, Kolhapur",ce1ef415-827a-5504-a229-0887c2167145,d8954509-dece-5c60-9466-34cd75d462cb,MICRO,true,Y15,"KaushalSetu synthetic generator v2, seed 20260929",2026-09-28T12:00:00+05:30,"SYNTHETIC demo data (KaushalSetu SIH prototype): fictional entities, team-assumed numbers, not real or official statistics.",true
363502e9-2ff7-5d7e-86d7-ca4d60b6599d,EX-EMP-KOP-03,"Example Agro Pump Services, Kolhapur",ce1ef415-827a-5504-a229-0887c2167145,d8954509-dece-5c60-9466-34cd75d462cb,SMALL,true,Y15,"KaushalSetu synthetic generator v2, seed 20260929",2026-09-28T12:00:00+05:30,"SYNTHETIC demo data (KaushalSetu SIH prototype): fictional entities, team-assumed numbers, not real or official statistics.",true
