id,placement_outcome_id,employer_id,rating,skill_feedback,rated_on,source,source_ref,fetched_at,license_note,is_synthetic
3c7c4877-4fb2-580b-a41d-ba51b9eb9d13,f83e7f63-90c6-58ea-be59-3d4bf679de25,8087cd2c-1ad4-58f9-8325-890f2ad4708c,4,"{""needs_improvement"":[],""strengths"":[""electrical-safety"",""electrical-wiring""]}",2025-12-24,Y11,"KaushalSetu synthetic generator v2, seed 20260929",2026-09-28T12:00:00+05:30,"SYNTHETIC demo data (KaushalSetu SIH prototype): fictional entities, team-assumed numbers, not real or official statistics.",true
5f03c080-95c8-5a80-bea3-2e33365edb23,9d114750-48a7-5ed8-ab52-5ff8d7c60b1d,11483913-5e52-50ca-89d9-03c56a315e02,5,"{""needs_improvement"":[""battery-management"",""ev-diagnostics""],""strengths"":[""hv-safety""]}",2025-11-23,Y11,"KaushalSetu synthetic generator v2, seed 20260929",2026-09-28T12:00:00+05:30,"SYNTHETIC demo data (KaushalSetu SIH prototype): fictional entities, team-assumed numbers, not real or official statistics.",true
6388729c-ade4-5968-9816-c630d39f2a2d,1c16aa59-24a9-54ce-89bf-32c5665a8da5,deb5e7b6-5a52-56b6-ae91-388a9f5334eb,3,"{""needs_improvement"":[],""strengths"":[""motor-maintenance"",""motor-rewinding""]}",2025-12-30,Y11,"KaushalSetu synthetic generator v2, seed 20260929",2026-09-28T12:00:00+05:30,"SYNTHETIC demo data (KaushalSetu SIH prototype): fictional entities, team-assumed numbers, not real or official statistics.",true
3307344a-117a-5701-af4c-1459a9d26058,26d5022f-7450-58de-80fb-747d70531d66,11483913-5e52-50ca-89d9-03c56a315e02,3,"{""needs_improvement"":[""battery-management"",""ev-diagnostics""],""strengths"":[""hv-safety""]}",2025-11-20,Y11,"KaushalSetu synthetic generator v2, seed 20260929",2026-09-28T12:00:00+05:30,"SYNTHETIC demo data (KaushalSetu SIH prototype): fictional entities, team-assumed numbers, not real or official statistics.",true
609b2a43-9494-5b46-b4ad-9577f112d528,363b77b0-1ca1-5f03-8cf3-a0aa6c46075a,11483913-5e52-50ca-89d9-03c56a315e02,4,"{""needs_improvement"":[""battery-management"",""ev-diagnostics""],""strengths"":[""hv-safety""]}",2026-02-25,Y11,"KaushalSetu synthetic generator v2, seed 20260929",2026-09-28T12:00:00+05:30,"SYNTHETIC demo data (KaushalSetu SIH prototype): fictional entities, team-assumed numbers, not real or official statistics.",true
b17f9db3-7fc5-51c7-a793-4e01bb49f565,8d3026ea-0a5e-5aac-a803-40d7c2ac8ec8,11483913-5e52-50ca-89d9-03c56a315e02,3,"{""needs_improvement"":[""battery-management"",""ev-diagnostics""],""strengths"":[""hv-safety""]}",2026-01-04,Y11,"KaushalSetu synthetic generator v2, seed 20260929",2026-09-28T12:00:00+05:30,"SYNTHETIC demo data (KaushalSetu SIH prototype): fictional entities, team-assumed numbers, not real or official statistics.",true
350d7f69-7572-5e23-aa9d-1d86cba2173a,923968dc-172b-5116-ae1c-77869282ce84,11483913-5e52-50ca-89d9-03c56a315e02,4,"{""needs_improvement"":[""battery-management"",""ev-diagnostics""],""strengths"":[""hv-safety""]}",2026-02-13,Y11,"KaushalSetu synthetic generator v2, seed 20260929",2026-09-28T12:00:00+05:30,"SYNTHETIC demo data (KaushalSetu SIH prototype): fictional entities, team-assumed numbers, not real or official statistics.",true
d5c1070e-f348-5109-9895-6fb937df9c3c,b3a773c2-9a46-5e69-93aa-6c8427389166,8087cd2c-1ad4-58f9-8325-890f2ad4708c,3,"{""needs_improvement"":[""ev-charging-systems""],""strengths"":[""electrical-safety"",""electrical-wiring""]}",2026-01-02,Y11,"KaushalSetu synthetic generator v2, seed 20260929",2026-09-28T12:00:00+05:30,"SYNTHETIC demo data (KaushalSetu SIH prototype): fictional entities, team-assumed numbers, not real or official statistics.",true
58109059-42e6-55ea-ace9-1c32e47d3980,de6294a2-b866-5a99-8b5b-c0bf77dd774c,8087cd2c-1ad4-58f9-8325-890f2ad4708c,3,"{""needs_improvement"":[""ev-charging-systems""],""strengths"":[""electrical-safety"",""electrical-wiring""]}",2026-01-10,Y11,"KaushalSetu synthetic generator v2, seed 20260929",2026-09-28T12:00:00+05:30,"SYNTHETIC demo data (KaushalSetu SIH prototype): fictional entities, team-assumed numbers, not real or official statistics.",true
2ec2bddd-97fb-5629-a107-bcb501c26490,f18d5970-f71b-59f2-aee9-8b1f68220361,8087cd2c-1ad4-58f9-8325-890f2ad4708c,5,"{""needs_improvement"":[""ev-charging-systems""],""strengths"":[""electrical-safety"",""electrical-wiring""]}",2026-01-24,Y11,"KaushalSetu synthetic generator v2, seed 20260929",2026-09-28T12:00:00+05:30,"SYNTHETIC demo data (KaushalSetu SIH prototype): fictional entities, team-assumed numbers, not real or official statistics.",true
001dfe26-afb1-581f-bd2c-7f31d4d5f458,71cbcb61-f76b-5c96-b540-3726122820c1,11483913-5e52-50ca-89d9-03c56a315e02,4,"{""needs_improvement"":[""battery-management"",""ev-diagnostics""],""strengths"":[""hv-safety""]}",2026-01-04,Y11,"KaushalSetu synthetic generator v2, seed 20260929",2026-09-28T12:00:00+05:30,"SYNTHETIC demo data (KaushalSetu SIH prototype): fictional entities, team-assumed numbers, not real or official statistics.",true
914b58ab-7b2e-5ff4-923f-12e938d9becd,501f2e56-384e-5f03-a3c0-d153e0c95dca,8087cd2c-1ad4-58f9-8325-890f2ad4708c,3,"{""needs_improvement"":[],""strengths"":[""electrical-safety"",""electrical-wiring""]}",2025-12-30,Y11,"KaushalSetu synthetic generator v2, seed 20260929",2026-09-28T12:00:00+05:30,"SYNTHETIC demo data (KaushalSetu SIH prototype): fictional entities, team-assumed numbers, not real or official statistics.",true
e7e7b032-53df-5434-81b1-6df5bc835b7e,bf93edf6-3624-504d-af97-7c33a9ccf513,11483913-5e52-50ca-89d9-03c56a315e02,4,"{""needs_improvement"":[""battery-management"",""ev-diagnostics""],""strengths"":[""hv-safety""]}",2026-03-07,Y11,"KaushalSetu synthetic generator v2, seed 20260929",2026-09-28T12:00:00+05:30,"SYNTHETIC demo data (KaushalSetu SIH prototype): fictional entities, team-assumed numbers, not real or official statistics.",true
6dae4d91-5204-50f7-b8b0-996042cc5e6b,baa5e141-c287-5486-82e9-0966a443f16b,315af447-fae0-50c4-bd2b-b0bbc0420fde,4,"{""needs_improvement"":[],""strengths"":[""solar-pv-installation"",""work-at-height""]}",2025-08-18,Y11,"KaushalSetu synthetic generator v2, seed 20260929",2026-09-28T12:00:00+05:30,"SYNTHETIC demo data (KaushalSetu SIH prototype): fictional entities, team-assumed numbers, not real or official statistics.",true
35f2f0f0-7ea4-5f4d-a755-cca5620631e5,ba6f4a26-a557-5fb0-87fe-0e7a1a080569,315af447-fae0-50c4-bd2b-b0bbc0420fde,5,"{""needs_improvement"":[],""strengths"":[""solar-pv-installation"",""work-at-height""]}",2025-06-09,Y11,"KaushalSetu synthetic generator v2, seed 20260929",2026-09-28T12:00:00+05:30,"SYNTHETIC demo data (KaushalSetu SIH prototype): fictional entities, team-assumed numbers, not real or official statistics.",true
ba575c4f-6a4b-5e53-a538-e76b6976a7e4,b77f1dca-81f6-5114-baf1-906687b15916,315af447-fae0-50c4-bd2b-b0bbc0420fde,3,"{""needs_improvement"":[],""strengths"":[""solar-pv-installation"",""work-at-height""]}",2025-06-18,Y11,"KaushalSetu synthetic generator v2, seed 20260929",2026-09-28T12:00:00+05:30,"SYNTHETIC demo data (KaushalSetu SIH prototype): fictional entities, team-assumed numbers, not real or official statistics.",true
af973340-b323-54f0-9a84-f757c0192943,99805e20-c308-5a12-a13e-d32e13952de1,315af447-fae0-50c4-bd2b-b0bbc0420fde,4,"{""needs_improvement"":[],""strengths"":[""solar-pv-installation"",""work-at-height""]}",2025-04-06,Y11,"KaushalSetu synthetic generator v2, seed 20260929",2026-09-28T12:00:00+05:30,"SYNTHETIC demo data (KaushalSetu SIH prototype): fictional entities, team-assumed numbers, not real or official statistics.",true
f4952021-4c26-5ea0-8238-a8b4888635c7,99783457-a7e1-5506-bb53-2cdff35020e7,315af447-fae0-50c4-bd2b-b0bbc0420fde,3,"{""needs_improvement"":[],""strengths"":[""solar-pv-installation"",""work-at-height""]}",2025-12-14,Y11,"KaushalSetu synthetic generator v2, seed 20260929",2026-09-28T12:00:00+05:30,"SYNTHETIC demo data (KaushalSetu SIH prototype): fictional entities, team-assumed numbers, not real or official statistics.",true
70bf4ceb-d8c7-511d-95f2-583f333d359d,ee3c532b-7fdb-5ffc-bd6f-245820139e19,315af447-fae0-50c4-bd2b-b0bbc0420fde,3,"{""needs_improvement"":[],""strengths"":[""solar-pv-installation"",""work-at-height""]}",2025-11-19,Y11,"KaushalSetu synthetic generator v2, seed 20260929",2026-09-28T12:00:00+05:30,"SYNTHETIC demo data (KaushalSetu SIH prototype): fictional entities, team-assumed numbers, not real or official statistics.",true
2069653a-145d-5fb2-b9e7-b5f282eb2cd5,3838f74a-dd03-5c4a-afd8-c6af6f151a5e,315af447-fae0-50c4-bd2b-b0bbc0420fde,4,"{""needs_improvement"":[],""strengths"":[""solar-pv-installation"",""work-at-height""]}",2025-12-06,Y11,"KaushalSetu synthetic generator v2, seed 20260929",2026-09-28T12:00:00+05:30,"SYNTHETIC demo data (KaushalSetu SIH prototype): fictional entities, team-assumed numbers, not real or official statistics.",true
74cf9465-5d66-5b13-a0dd-64b3d4796be9,9c9256b2-de9a-5dd0-ac45-3aec8e7d0d17,315af447-fae0-50c4-bd2b-b0bbc0420fde,4,"{""needs_improvement"":[],""strengths"":[""solar-pv-installation"",""work-at-height""]}",2026-07-22,Y11,"KaushalSetu synthetic generator v2, seed 20260929",2026-09-28T12:00:00+05:30,"SYNTHETIC demo data (KaushalSetu SIH prototype): fictional entities, team-assumed numbers, not real or official statistics.",true
3b00ff64-a306-5f25-a777-5e6c4ec6a791,3454da0b-f3e3-5c21-9d43-addd8144a525,315af447-fae0-50c4-bd2b-b0bbc0420fde,4,"{""needs_improvement"":[],""strengths"":[""solar-pv-installation"",""work-at-height""]}",2026-05-11,Y11,"KaushalSetu synthetic generator v2, seed 20260929",2026-09-28T12:00:00+05:30,"SYNTHETIC demo data (KaushalSetu SIH prototype): fictional entities, team-assumed numbers, not real or official statistics.",true
0316e10c-a203-5b82-a694-c2f4aed77bbf,1f57e997-c674-5eec-be93-bba37d1889d2,315af447-fae0-50c4-bd2b-b0bbc0420fde,4,"{""needs_improvement"":[],""strengths"":[""solar-pv-installation"",""work-at-height""]}",2026-05-20,Y11,"KaushalSetu synthetic generator v2, seed 20260929",2026-09-28T12:00:00+05:30,"SYNTHETIC demo data (KaushalSetu SIH prototype): fictional entities, team-assumed numbers, not real or official statistics.",true
9fb9d67b-c185-562c-8677-93724414dfc6,1576c430-484b-557e-a62f-0a29c14b2406,315af447-fae0-50c4-bd2b-b0bbc0420fde,3,"{""needs_improvement"":[],""strengths"":[""solar-pv-installation"",""work-at-height""]}",2026-09-28,Y11,"KaushalSetu synthetic generator v2, seed 20260929",2026-09-28T12:00:00+05:30,"SYNTHETIC demo data (KaushalSetu SIH prototype): fictional entities, team-assumed numbers, not real or official statistics.",true
43e78a35-e1a7-5171-96d7-ca33fd17539c,38ab1726-5545-52fe-b3b1-0173f2bdef96,0ea66e99-de75-54f1-ae1c-04860fbff6f2,4,"{""needs_improvement"":[""panel-wiring""],""strengths"":[""electrical-wiring""]}",2025-12-06,Y11,"KaushalSetu synthetic generator v2, seed 20260929",2026-09-28T12:00:00+05:30,"SYNTHETIC demo data (KaushalSetu SIH prototype): fictional entities, team-assumed numbers, not real or official statistics.",true
960c9efc-c89c-5169-9fe0-b3855875fed1,36ac18cb-31b6-5cc5-b78d-74ede4aba1c2,0ea66e99-de75-54f1-ae1c-04860fbff6f2,4,"{""needs_improvement"":[""ev-charging-systems"",""panel-wiring""],""strengths"":[""electrical-wiring""]}",2026-03-22,Y11,"KaushalSetu synthetic generator v2, seed 20260929",2026-09-28T12:00:00+05:30,"SYNTHETIC demo data (KaushalSetu SIH prototype): fictional entities, team-assumed numbers, not real or official statistics.",true
2a2b42d1-fc86-5323-a0a2-b59160b6225b,50528759-5649-5fc0-8601-cb20ef7c2093,0ea66e99-de75-54f1-ae1c-04860fbff6f2,3,"{""needs_improvement"":[""ev-charging-systems"",""panel-wiring""],""strengths"":[""electrical-wiring""]}",2026-02-04,Y11,"KaushalSetu synthetic generator v2, seed 20260929",2026-09-28T12:00:00+05:30,"SYNTHETIC demo data (KaushalSetu SIH prototype): fictional entities, team-assumed numbers, not real or official statistics.",true
60de4233-7c3d-5fce-8cdb-b8ac75330e5e,ded797aa-5bfc-5640-b6f4-7fcd317466b4,0ea66e99-de75-54f1-ae1c-04860fbff6f2,4,"{""needs_improvement"":[""panel-wiring""],""strengths"":[""electrical-wiring""]}",2025-10-29,Y11,"KaushalSetu synthetic generator v2, seed 20260929",2026-09-28T12:00:00+05:30,"SYNTHETIC demo data (KaushalSetu SIH prototype): fictional entities, team-assumed numbers, not real or official statistics.",true
3982b1f7-87a9-54d7-9bdc-f9f5856b1bdb,e5aa1232-da74-58dd-926f-b6186bf47833,0ea66e99-de75-54f1-ae1c-04860fbff6f2,4,"{""needs_improvement"":[""ev-charging-systems"",""panel-wiring""],""strengths"":[""electrical-wiring""]}",2026-03-11,Y11,"KaushalSetu synthetic generator v2, seed 20260929",2026-09-28T12:00:00+05:30,"SYNTHETIC demo data (KaushalSetu SIH prototype): fictional entities, team-assumed numbers, not real or official statistics.",true
5fda9690-e21e-5efc-a187-0705abcb499f,391e9aa5-965b-5695-9f0c-f636d0ca808c,0ea66e99-de75-54f1-ae1c-04860fbff6f2,3,"{""needs_improvement"":[""ev-charging-systems"",""panel-wiring""],""strengths"":[""electrical-wiring""]}",2026-01-06,Y11,"KaushalSetu synthetic generator v2, seed 20260929",2026-09-28T12:00:00+05:30,"SYNTHETIC demo data (KaushalSetu SIH prototype): fictional entities, team-assumed numbers, not real or official statistics.",true
f6f7bb2d-107b-590f-819f-e89d6185dafd,cf25f0f2-3298-5589-ad8d-d81864e14e2e,0ea66e99-de75-54f1-ae1c-04860fbff6f2,3,"{""needs_improvement"":[""ev-charging-systems"",""panel-wiring""],""strengths"":[""electrical-wiring""]}",2026-01-03,Y11,"KaushalSetu synthetic generator v2, seed 20260929",2026-09-28T12:00:00+05:30,"SYNTHETIC demo data (KaushalSetu SIH prototype): fictional entities, team-assumed numbers, not real or official statistics.",true
167d23a0-d7c7-570d-a430-0fb1c286554c,00a14453-acf4-56b5-b117-f9fd7a9717ce,3279c38b-cd9b-5a66-b557-a1694588e03b,4,"{""needs_improvement"":[],""strengths"":[""battery-management"",""ev-diagnostics"",""hv-safety""]}",2025-12-06,Y11,"KaushalSetu synthetic generator v2, seed 20260929",2026-09-28T12:00:00+05:30,"SYNTHETIC demo data (KaushalSetu SIH prototype): fictional entities, team-assumed numbers, not real or official statistics.",true
3e7e2345-a49e-5307-a022-2b934d85d630,1f0bb642-cfc3-5e10-a7d7-63672d82aaff,3279c38b-cd9b-5a66-b557-a1694588e03b,4,"{""needs_improvement"":[],""strengths"":[""battery-management"",""ev-diagnostics"",""hv-safety""]}",2025-05-31,Y11,"KaushalSetu synthetic generator v2, seed 20260929",2026-09-28T12:00:00+05:30,"SYNTHETIC demo data (KaushalSetu SIH prototype): fictional entities, team-assumed numbers, not real or official statistics.",true
bff20613-bcec-5c0e-9534-7f728f809f5d,cc8bde79-a904-5dbd-9706-9a1ead92c539,3279c38b-cd9b-5a66-b557-a1694588e03b,5,"{""needs_improvement"":[],""strengths"":[""battery-management"",""ev-diagnostics"",""hv-safety""]}",2025-04-17,Y11,"KaushalSetu synthetic generator v2, seed 20260929",2026-09-28T12:00:00+05:30,"SYNTHETIC demo data (KaushalSetu SIH prototype): fictional entities, team-assumed numbers, not real or official statistics.",true
f426835b-07eb-5ebc-a6be-55e56b0f08fa,3de4e9e4-35ef-599d-8404-3bdcbc3346fe,3279c38b-cd9b-5a66-b557-a1694588e03b,5,"{""needs_improvement"":[],""strengths"":[""battery-management"",""ev-diagnostics"",""hv-safety""]}",2025-10-02,Y11,"KaushalSetu synthetic generator v2, seed 20260929",2026-09-28T12:00:00+05:30,"SYNTHETIC demo data (KaushalSetu SIH prototype): fictional entities, team-assumed numbers, not real or official statistics.",true
ed8e7914-2686-5ad2-9a02-897dd67edb09,33b17c19-0d1c-560a-bcb9-44e61c2520a3,3279c38b-cd9b-5a66-b557-a1694588e03b,4,"{""needs_improvement"":[],""strengths"":[""battery-management"",""ev-diagnostics"",""hv-safety""]}",2026-07-27,Y11,"KaushalSetu synthetic generator v2, seed 20260929",2026-09-28T12:00:00+05:30,"SYNTHETIC demo data (KaushalSetu SIH prototype): fictional entities, team-assumed numbers, not real or official statistics.",true
bf0dbf2c-733f-5128-af67-9d2cf5d76006,5868640f-4f5a-5cd0-b829-6d42e5d03f8e,3279c38b-cd9b-5a66-b557-a1694588e03b,4,"{""needs_improvement"":[],""strengths"":[""battery-management"",""ev-diagnostics"",""hv-safety""]}",2026-09-28,Y11,"KaushalSetu synthetic generator v2, seed 20260929",2026-09-28T12:00:00+05:30,"SYNTHETIC demo data (KaushalSetu SIH prototype): fictional entities, team-assumed numbers, not real or official statistics.",true
33a2fb68-1256-55cb-beea-ed9924101c9a,022ee5f5-ac1a-5b58-abce-bd3c0a097fac,3279c38b-cd9b-5a66-b557-a1694588e03b,5,"{""needs_improvement"":[],""strengths"":[""battery-management"",""ev-diagnostics"",""hv-safety""]}",2026-04-07,Y11,"KaushalSetu synthetic generator v2, seed 20260929",2026-09-28T12:00:00+05:30,"SYNTHETIC demo data (KaushalSetu SIH prototype): fictional entities, team-assumed numbers, not real or official statistics.",true
838e40dd-8ce7-58d9-9788-894fcbb87794,a69126c8-ffcd-5be5-becd-dfce79618d31,3279c38b-cd9b-5a66-b557-a1694588e03b,4,"{""needs_improvement"":[],""strengths"":[""battery-management"",""ev-diagnostics"",""hv-safety""]}",2026-09-01,Y11,"KaushalSetu synthetic generator v2, seed 20260929",2026-09-28T12:00:00+05:30,"SYNTHETIC demo data (KaushalSetu SIH prototype): fictional entities, team-assumed numbers, not real or official statistics.",true
1074bb96-a8f9-5e38-bcb0-ab5f486ca50d,9b449fef-7421-5a22-bc03-b3a1dfe49828,3279c38b-cd9b-5a66-b557-a1694588e03b,4,"{""needs_improvement"":[],""strengths"":[""battery-management"",""ev-diagnostics"",""hv-safety""]}",2026-04-23,Y11,"KaushalSetu synthetic generator v2, seed 20260929",2026-09-28T12:00:00+05:30,"SYNTHETIC demo data (KaushalSetu SIH prototype): fictional entities, team-assumed numbers, not real or official statistics.",true
31106bc6-31aa-5b10-bc1b-8a0f6bfede34,66e467bc-c1b8-5bb3-8987-668ce252605b,3279c38b-cd9b-5a66-b557-a1694588e03b,4,"{""needs_improvement"":[],""strengths"":[""battery-management"",""ev-diagnostics"",""hv-safety""]}",2026-07-07,Y11,"KaushalSetu synthetic generator v2, seed 20260929",2026-09-28T12:00:00+05:30,"SYNTHETIC demo data (KaushalSetu SIH prototype): fictional entities, team-assumed numbers, not real or official statistics.",true
c0b02d3c-e209-52ec-9e83-18a1926dc8c2,f6b1119a-e25f-52a1-a201-c7b7df921f41,3279c38b-cd9b-5a66-b557-a1694588e03b,5,"{""needs_improvement"":[],""strengths"":[""battery-management"",""ev-diagnostics"",""hv-safety""]}",2026-03-25,Y11,"KaushalSetu synthetic generator v2, seed 20260929",2026-09-28T12:00:00+05:30,"SYNTHETIC demo data (KaushalSetu SIH prototype): fictional entities, team-assumed numbers, not real or official statistics.",true
c7be3e60-2873-5283-af42-23aaa99fb989,5aa9ba01-a294-573a-b379-856440bb6ddd,3279c38b-cd9b-5a66-b557-a1694588e03b,4,"{""needs_improvement"":[],""strengths"":[""battery-management"",""ev-diagnostics"",""hv-safety""]}",2026-07-20,Y11,"KaushalSetu synthetic generator v2, seed 20260929",2026-09-28T12:00:00+05:30,"SYNTHETIC demo data (KaushalSetu SIH prototype): fictional entities, team-assumed numbers, not real or official statistics.",true
db69b84e-d469-5c32-b71d-7bd015929aa9,a8651263-60ce-5c20-b32f-7513a5a83db5,eeaa9e8e-169f-5cf5-9a5a-062372622489,5,"{""needs_improvement"":[],""strengths"":[""electrical-testing"",""ev-charging-systems""]}",2025-10-03,Y11,"KaushalSetu synthetic generator v2, seed 20260929",2026-09-28T12:00:00+05:30,"SYNTHETIC demo data (KaushalSetu SIH prototype): fictional entities, team-assumed numbers, not real or official statistics.",true
23aafaf9-5ab0-503f-8f03-c0a8f4b127e4,a1bfd3a3-3d49-59e5-91c4-be268e93eb7a,3279c38b-cd9b-5a66-b557-a1694588e03b,5,"{""needs_improvement"":[""battery-management"",""ev-diagnostics""],""strengths"":[""hv-safety""]}",2025-03-20,Y11,"KaushalSetu synthetic generator v2, seed 20260929",2026-09-28T12:00:00+05:30,"SYNTHETIC demo data (KaushalSetu SIH prototype): fictional entities, team-assumed numbers, not real or official statistics.",true
73794ee3-df5f-5c49-b439-fea6ee75c7bc,10c8bb92-830f-5bf7-8bea-718a814cf643,eeaa9e8e-169f-5cf5-9a5a-062372622489,5,"{""needs_improvement"":[],""strengths"":[""ev-charging-systems""]}",2025-06-24,Y11,"KaushalSetu synthetic generator v2, seed 20260929",2026-09-28T12:00:00+05:30,"SYNTHETIC demo data (KaushalSetu SIH prototype): fictional entities, team-assumed numbers, not real or official statistics.",true
a7faecc8-b977-525c-b4bf-c00b9832c7f7,c51f3fc8-6639-5877-a463-202d64d8b8c2,eeaa9e8e-169f-5cf5-9a5a-062372622489,5,"{""needs_improvement"":[],""strengths"":[""ev-charging-systems""]}",2025-08-24,Y11,"KaushalSetu synthetic generator v2, seed 20260929",2026-09-28T12:00:00+05:30,"SYNTHETIC demo data (KaushalSetu SIH prototype): fictional entities, team-assumed numbers, not real or official statistics.",true
6b623196-b3b7-5a62-882a-cbac66c88c0b,d01d859f-049b-559f-8681-e179bcc45ec1,eeaa9e8e-169f-5cf5-9a5a-062372622489,4,"{""needs_improvement"":[],""strengths"":[""ev-charging-systems""]}",2025-04-23,Y11,"KaushalSetu synthetic generator v2, seed 20260929",2026-09-28T12:00:00+05:30,"SYNTHETIC demo data (KaushalSetu SIH prototype): fictional entities, team-assumed numbers, not real or official statistics.",true
2a1b1902-976c-52c4-89e3-582ec44e1409,a50b3cbf-9776-5683-a120-9c6f03cda621,eeaa9e8e-169f-5cf5-9a5a-062372622489,4,"{""needs_improvement"":[],""strengths"":[""ev-charging-systems""]}",2025-07-29,Y11,"KaushalSetu synthetic generator v2, seed 20260929",2026-09-28T12:00:00+05:30,"SYNTHETIC demo data (KaushalSetu SIH prototype): fictional entities, team-assumed numbers, not real or official statistics.",true
274f8647-a49c-5a90-8388-a101d9298f72,0e091bf9-65f3-5cb8-8a0d-cc0166877531,eeaa9e8e-169f-5cf5-9a5a-062372622489,5,"{""needs_improvement"":[],""strengths"":[""ev-charging-systems""]}",2025-07-25,Y11,"KaushalSetu synthetic generator v2, seed 20260929",2026-09-28T12:00:00+05:30,"SYNTHETIC demo data (KaushalSetu SIH prototype): fictional entities, team-assumed numbers, not real or official statistics.",true
5411b304-6f51-5c38-b7cc-bef1ef7397a3,ec59027b-7585-5f4b-a8a3-3e801cd3a407,eeaa9e8e-169f-5cf5-9a5a-062372622489,4,"{""needs_improvement"":[],""strengths"":[""electrical-testing"",""ev-charging-systems""]}",2025-10-04,Y11,"KaushalSetu synthetic generator v2, seed 20260929",2026-09-28T12:00:00+05:30,"SYNTHETIC demo data (KaushalSetu SIH prototype): fictional entities, team-assumed numbers, not real or official statistics.",true
255db111-0384-5a02-934d-ecec48b35078,ee3d6499-99ba-5958-bc85-9e21bcdcd4f3,eeaa9e8e-169f-5cf5-9a5a-062372622489,4,"{""needs_improvement"":[],""strengths"":[""electrical-testing"",""ev-charging-systems""]}",2025-11-21,Y11,"KaushalSetu synthetic generator v2, seed 20260929",2026-09-28T12:00:00+05:30,"SYNTHETIC demo data (KaushalSetu SIH prototype): fictional entities, team-assumed numbers, not real or official statistics.",true
b78b9828-7ab9-54f6-8339-ec60c71c35e4,73ec796f-6395-5905-9edf-6bfad5c41f33,eeaa9e8e-169f-5cf5-9a5a-062372622489,4,"{""needs_improvement"":[],""strengths"":[""electrical-testing"",""ev-charging-systems""]}",2026-07-01,Y11,"KaushalSetu synthetic generator v2, seed 20260929",2026-09-28T12:00:00+05:30,"SYNTHETIC demo data (KaushalSetu SIH prototype): fictional entities, team-assumed numbers, not real or official statistics.",true
c0d995f4-02a0-5743-929f-b15bc996e498,88895711-2657-5d03-bda0-b8ef531cb5b7,3279c38b-cd9b-5a66-b557-a1694588e03b,5,"{""needs_improvement"":[""battery-management"",""ev-diagnostics""],""strengths"":[""hv-safety""]}",2026-04-22,Y11,"KaushalSetu synthetic generator v2, seed 20260929",2026-09-28T12:00:00+05:30,"SYNTHETIC demo data (KaushalSetu SIH prototype): fictional entities, team-assumed numbers, not real or official statistics.",true
d55ef425-b5ea-56a2-8977-3947edc578a8,5f1952b9-7cbc-5800-a5fa-a1119351b6d9,eeaa9e8e-169f-5cf5-9a5a-062372622489,4,"{""needs_improvement"":[],""strengths"":[""electrical-testing"",""ev-charging-systems""]}",2026-06-05,Y11,"KaushalSetu synthetic generator v2, seed 20260929",2026-09-28T12:00:00+05:30,"SYNTHETIC demo data (KaushalSetu SIH prototype): fictional entities, team-assumed numbers, not real or official statistics.",true
5edb2b71-b069-543f-ae57-7a48c6302620,18eec6ab-59e4-5d14-888d-0ee430aa48a6,eeaa9e8e-169f-5cf5-9a5a-062372622489,4,"{""needs_improvement"":[],""strengths"":[""electrical-testing"",""ev-charging-systems""]}",2026-08-31,Y11,"KaushalSetu synthetic generator v2, seed 20260929",2026-09-28T12:00:00+05:30,"SYNTHETIC demo data (KaushalSetu SIH prototype): fictional entities, team-assumed numbers, not real or official statistics.",true
3ecb70eb-1592-5116-a098-4ce31c76e068,b5caed43-30ad-513e-8fa8-43ebc8c4e8be,eeaa9e8e-169f-5cf5-9a5a-062372622489,5,"{""needs_improvement"":[],""strengths"":[""electrical-testing"",""ev-charging-systems""]}",2026-09-20,Y11,"KaushalSetu synthetic generator v2, seed 20260929",2026-09-28T12:00:00+05:30,"SYNTHETIC demo data (KaushalSetu SIH prototype): fictional entities, team-assumed numbers, not real or official statistics.",true
b2b4e0fa-f563-579b-83aa-9b1b865bc05b,24253057-a833-5398-9f49-9dfdefb941fb,eeaa9e8e-169f-5cf5-9a5a-062372622489,4,"{""needs_improvement"":[],""strengths"":[""electrical-testing"",""ev-charging-systems""]}",2026-07-02,Y11,"KaushalSetu synthetic generator v2, seed 20260929",2026-09-28T12:00:00+05:30,"SYNTHETIC demo data (KaushalSetu SIH prototype): fictional entities, team-assumed numbers, not real or official statistics.",true
567debd6-9b62-5e7b-b33b-96e7a9f837d4,364b6c9b-d63a-570a-bc2a-2e787fc1c086,779cbcc5-b042-595e-98de-03c1ff54ac17,3,"{""needs_improvement"":[],""strengths"":[""solar-inverter-maintenance"",""solar-pv-installation""]}",2026-01-10,Y11,"KaushalSetu synthetic generator v2, seed 20260929",2026-09-28T12:00:00+05:30,"SYNTHETIC demo data (KaushalSetu SIH prototype): fictional entities, team-assumed numbers, not real or official statistics.",true
874458c7-8d40-5bde-93a9-b8a83f8ba18f,84f211fd-0769-5ede-a0e1-85a80feede4d,779cbcc5-b042-595e-98de-03c1ff54ac17,3,"{""needs_improvement"":[],""strengths"":[""solar-inverter-maintenance"",""solar-pv-installation""]}",2025-09-04,Y11,"KaushalSetu synthetic generator v2, seed 20260929",2026-09-28T12:00:00+05:30,"SYNTHETIC demo data (KaushalSetu SIH prototype): fictional entities, team-assumed numbers, not real or official statistics.",true
e58384b8-e089-5aa8-b4e8-57ac9da4a524,e46de6cf-69ef-5cc8-b83e-35002c83dd87,779cbcc5-b042-595e-98de-03c1ff54ac17,3,"{""needs_improvement"":[],""strengths"":[""solar-inverter-maintenance"",""solar-pv-installation""]}",2025-05-06,Y11,"KaushalSetu synthetic generator v2, seed 20260929",2026-09-28T12:00:00+05:30,"SYNTHETIC demo data (KaushalSetu SIH prototype): fictional entities, team-assumed numbers, not real or official statistics.",true
f1be05f1-b672-5142-afc9-4f7ecf477daf,54989284-63c1-5c37-9173-1fd2ca434321,779cbcc5-b042-595e-98de-03c1ff54ac17,3,"{""needs_improvement"":[],""strengths"":[""solar-inverter-maintenance"",""solar-pv-installation""]}",2026-01-16,Y11,"KaushalSetu synthetic generator v2, seed 20260929",2026-09-28T12:00:00+05:30,"SYNTHETIC demo data (KaushalSetu SIH prototype): fictional entities, team-assumed numbers, not real or official statistics.",true
3dd8ea11-fbe3-5075-b607-1f4302030b59,a2145846-46dd-5096-b23b-9a4115e7891a,779cbcc5-b042-595e-98de-03c1ff54ac17,3,"{""needs_improvement"":[],""strengths"":[""solar-inverter-maintenance"",""solar-pv-installation""]}",2025-10-24,Y11,"KaushalSetu synthetic generator v2, seed 20260929",2026-09-28T12:00:00+05:30,"SYNTHETIC demo data (KaushalSetu SIH prototype): fictional entities, team-assumed numbers, not real or official statistics.",true
ef812a8b-b4d1-54c2-ac05-07c2e348ac46,c41adb97-40b8-5e23-8a04-089bba2ed005,779cbcc5-b042-595e-98de-03c1ff54ac17,4,"{""needs_improvement"":[],""strengths"":[""solar-inverter-maintenance"",""solar-pv-installation""]}",2026-01-31,Y11,"KaushalSetu synthetic generator v2, seed 20260929",2026-09-28T12:00:00+05:30,"SYNTHETIC demo data (KaushalSetu SIH prototype): fictional entities, team-assumed numbers, not real or official statistics.",true
a96dfd38-3711-50e4-8de2-045395c74fa8,52121eb2-c3cf-5690-8609-c423257d7bf4,779cbcc5-b042-595e-98de-03c1ff54ac17,3,"{""needs_improvement"":[],""strengths"":[""solar-inverter-maintenance"",""solar-pv-installation""]}",2025-12-13,Y11,"KaushalSetu synthetic generator v2, seed 20260929",2026-09-28T12:00:00+05:30,"SYNTHETIC demo data (KaushalSetu SIH prototype): fictional entities, team-assumed numbers, not real or official statistics.",true
fd138241-99bd-5ab5-bf90-e7c7b2e0dcb0,af5d8344-cefa-5f0b-a4da-e48c4b19a210,779cbcc5-b042-595e-98de-03c1ff54ac17,4,"{""needs_improvement"":[],""strengths"":[""solar-inverter-maintenance"",""solar-pv-installation""]}",2025-05-26,Y11,"KaushalSetu synthetic generator v2, seed 20260929",2026-09-28T12:00:00+05:30,"SYNTHETIC demo data (KaushalSetu SIH prototype): fictional entities, team-assumed numbers, not real or official statistics.",true
928b4a78-4888-5b56-b65f-85edc4d64944,5ddc1471-c94a-5da2-bd10-081388f74d90,779cbcc5-b042-595e-98de-03c1ff54ac17,4,"{""needs_improvement"":[],""strengths"":[""solar-inverter-maintenance"",""solar-pv-installation""]}",2025-06-18,Y11,"KaushalSetu synthetic generator v2, seed 20260929",2026-09-28T12:00:00+05:30,"SYNTHETIC demo data (KaushalSetu SIH prototype): fictional entities, team-assumed numbers, not real or official statistics.",true
b5c93158-10a1-5468-b09d-ccb4eebdb288,a47436d7-365e-5fb3-b9e3-669d55235d1d,779cbcc5-b042-595e-98de-03c1ff54ac17,4,"{""needs_improvement"":[],""strengths"":[""solar-inverter-maintenance"",""solar-pv-installation""]}",2025-12-05,Y11,"KaushalSetu synthetic generator v2, seed 20260929",2026-09-28T12:00:00+05:30,"SYNTHETIC demo data (KaushalSetu SIH prototype): fictional entities, team-assumed numbers, not real or official statistics.",true
72da7f87-d681-53ab-a303-fea52339a8aa,530819eb-ae2f-5e49-bb58-6e3e8f574b08,779cbcc5-b042-595e-98de-03c1ff54ac17,4,"{""needs_improvement"":[],""strengths"":[""solar-inverter-maintenance"",""solar-pv-installation""]}",2026-07-07,Y11,"KaushalSetu synthetic generator v2, seed 20260929",2026-09-28T12:00:00+05:30,"SYNTHETIC demo data (KaushalSetu SIH prototype): fictional entities, team-assumed numbers, not real or official statistics.",true
7990f9da-246a-54d5-8558-88e30c05cb3c,6a17789e-48ce-598e-a67d-be5b4656f0a5,779cbcc5-b042-595e-98de-03c1ff54ac17,3,"{""needs_improvement"":[],""strengths"":[""solar-inverter-maintenance"",""solar-pv-installation""]}",2026-09-28,Y11,"KaushalSetu synthetic generator v2, seed 20260929",2026-09-28T12:00:00+05:30,"SYNTHETIC demo data (KaushalSetu SIH prototype): fictional entities, team-assumed numbers, not real or official statistics.",true
8230cf13-13de-5e5f-a3a2-be00b8eecf8e,41b80d4d-1511-5848-a1b0-3c0bbafe3cb3,779cbcc5-b042-595e-98de-03c1ff54ac17,3,"{""needs_improvement"":[],""strengths"":[""solar-inverter-maintenance"",""solar-pv-installation""]}",2026-09-07,Y11,"KaushalSetu synthetic generator v2, seed 20260929",2026-09-28T12:00:00+05:30,"SYNTHETIC demo data (KaushalSetu SIH prototype): fictional entities, team-assumed numbers, not real or official statistics.",true
dbd83108-8373-5b27-a448-d6f212863c2c,a2cb60c0-3463-5dea-bf1c-2837f8329723,01013bf4-3540-5578-ae29-98db727de7bb,4,"{""needs_improvement"":[],""strengths"":[""cable-installation"",""electrical-wiring""]}",2026-04-07,Y11,"KaushalSetu synthetic generator v2, seed 20260929",2026-09-28T12:00:00+05:30,"SYNTHETIC demo data (KaushalSetu SIH prototype): fictional entities, team-assumed numbers, not real or official statistics.",true
6afa666c-b2b3-58ee-8a59-8e0807a5bef1,c9bb2d8e-a8c5-543c-94c6-bd57af95b343,01013bf4-3540-5578-ae29-98db727de7bb,3,"{""needs_improvement"":[],""strengths"":[""cable-installation"",""electrical-wiring""]}",2026-01-23,Y11,"KaushalSetu synthetic generator v2, seed 20260929",2026-09-28T12:00:00+05:30,"SYNTHETIC demo data (KaushalSetu SIH prototype): fictional entities, team-assumed numbers, not real or official statistics.",true
6f3c6323-cc63-585e-ad09-f9400b2c7ced,5ff17daa-c37d-592d-a80b-5a66f373d434,01013bf4-3540-5578-ae29-98db727de7bb,3,"{""needs_improvement"":[],""strengths"":[""cable-installation"",""electrical-wiring""]}",2025-11-17,Y11,"KaushalSetu synthetic generator v2, seed 20260929",2026-09-28T12:00:00+05:30,"SYNTHETIC demo data (KaushalSetu SIH prototype): fictional entities, team-assumed numbers, not real or official statistics.",true
e9695a70-9b30-5673-b7b8-aab09b0b099d,618fff8c-8b20-5f8d-8d66-b2cc1303cfad,01013bf4-3540-5578-ae29-98db727de7bb,3,"{""needs_improvement"":[],""strengths"":[""cable-installation"",""electrical-wiring""]}",2026-02-13,Y11,"KaushalSetu synthetic generator v2, seed 20260929",2026-09-28T12:00:00+05:30,"SYNTHETIC demo data (KaushalSetu SIH prototype): fictional entities, team-assumed numbers, not real or official statistics.",true
0e6a8db8-0e49-5084-b169-4f4f5ca432a3,9365e0df-b12b-5278-a0a9-6b3b91dcec03,01013bf4-3540-5578-ae29-98db727de7bb,3,"{""needs_improvement"":[],""strengths"":[""cable-installation"",""electrical-wiring""]}",2025-12-22,Y11,"KaushalSetu synthetic generator v2, seed 20260929",2026-09-28T12:00:00+05:30,"SYNTHETIC demo data (KaushalSetu SIH prototype): fictional entities, team-assumed numbers, not real or official statistics.",true
cef1a340-4b93-55d9-976d-dba6bc3d14aa,ffa1eaa2-a104-5286-9c3b-cab894e0a6f6,01013bf4-3540-5578-ae29-98db727de7bb,4,"{""needs_improvement"":[],""strengths"":[""cable-installation"",""electrical-wiring""]}",2026-04-08,Y11,"KaushalSetu synthetic generator v2, seed 20260929",2026-09-28T12:00:00+05:30,"SYNTHETIC demo data (KaushalSetu SIH prototype): fictional entities, team-assumed numbers, not real or official statistics.",true
70f26c4e-0dd7-5245-b7ea-5d930ea12ff5,db4dab4a-d862-5bd2-a20b-e90c971d94c4,57e05900-a755-5fc2-a213-b12302cf9ed2,4,"{""needs_improvement"":[],""strengths"":[""solar-pv-installation"",""work-at-height""]}",2025-06-12,Y11,"KaushalSetu synthetic generator v2, seed 20260929",2026-09-28T12:00:00+05:30,"SYNTHETIC demo data (KaushalSetu SIH prototype): fictional entities, team-assumed numbers, not real or official statistics.",true
f032f356-db98-5074-a0a1-8b852d6601e5,f9c73a93-c386-584e-9c0a-82b6b26e44c6,57e05900-a755-5fc2-a213-b12302cf9ed2,4,"{""needs_improvement"":[],""strengths"":[""solar-pv-installation"",""work-at-height""]}",2025-06-09,Y11,"KaushalSetu synthetic generator v2, seed 20260929",2026-09-28T12:00:00+05:30,"SYNTHETIC demo data (KaushalSetu SIH prototype): fictional entities, team-assumed numbers, not real or official statistics.",true
40ace6aa-3ac2-5fbd-9379-fae1bc106d15,dbe53186-0f29-5f1b-b2f6-9f9a9c4cece1,57e05900-a755-5fc2-a213-b12302cf9ed2,4,"{""needs_improvement"":[],""strengths"":[""solar-pv-installation"",""work-at-height""]}",2025-08-07,Y11,"KaushalSetu synthetic generator v2, seed 20260929",2026-09-28T12:00:00+05:30,"SYNTHETIC demo data (KaushalSetu SIH prototype): fictional entities, team-assumed numbers, not real or official statistics.",true
44661973-1b9c-528b-88a3-ac3b234eca95,210a3e84-11ab-55ff-89a2-37c4e64ab19a,57e05900-a755-5fc2-a213-b12302cf9ed2,3,"{""needs_improvement"":[],""strengths"":[""solar-pv-installation"",""work-at-height""]}",2025-09-30,Y11,"KaushalSetu synthetic generator v2, seed 20260929",2026-09-28T12:00:00+05:30,"SYNTHETIC demo data (KaushalSetu SIH prototype): fictional entities, team-assumed numbers, not real or official statistics.",true
0ef746c8-1f14-55b6-a8b7-1bef1cca12a7,caa8cac9-081b-52ac-b48b-72cd50264cab,57e05900-a755-5fc2-a213-b12302cf9ed2,4,"{""needs_improvement"":[],""strengths"":[""solar-pv-installation"",""work-at-height""]}",2026-02-07,Y11,"KaushalSetu synthetic generator v2, seed 20260929",2026-09-28T12:00:00+05:30,"SYNTHETIC demo data (KaushalSetu SIH prototype): fictional entities, team-assumed numbers, not real or official statistics.",true
98e4e963-6c13-555c-a919-7d7dea395bac,43d2610f-cc0e-5aa7-90b6-94356d1d257b,57e05900-a755-5fc2-a213-b12302cf9ed2,3,"{""needs_improvement"":[],""strengths"":[""solar-pv-installation"",""work-at-height""]}",2026-08-30,Y11,"KaushalSetu synthetic generator v2, seed 20260929",2026-09-28T12:00:00+05:30,"SYNTHETIC demo data (KaushalSetu SIH prototype): fictional entities, team-assumed numbers, not real or official statistics.",true
bc40fc08-a677-57b6-86c0-ae23e21eb4b6,ad506d5b-09f6-5e3f-90a3-b5b6cea18bf2,57e05900-a755-5fc2-a213-b12302cf9ed2,4,"{""needs_improvement"":[],""strengths"":[""solar-pv-installation"",""work-at-height""]}",2026-09-12,Y11,"KaushalSetu synthetic generator v2, seed 20260929",2026-09-28T12:00:00+05:30,"SYNTHETIC demo data (KaushalSetu SIH prototype): fictional entities, team-assumed numbers, not real or official statistics.",true
379979b6-c3ec-573b-b6c4-274e64a7ad28,185579dc-8fa8-533e-bcee-5b5d836b7c48,5a42ca7c-88ac-5cb4-bb7a-623130be262b,3,"{""needs_improvement"":[],""strengths"":[""electrical-safety"",""electrical-wiring""]}",2025-11-13,Y11,"KaushalSetu synthetic generator v2, seed 20260929",2026-09-28T12:00:00+05:30,"SYNTHETIC demo data (KaushalSetu SIH prototype): fictional entities, team-assumed numbers, not real or official statistics.",true
c0751ce6-45d1-56f5-81fb-2baa2cad2726,fb9cd095-db78-5447-8296-762bd3bac921,ac2affc1-49cc-5d1a-884c-73e0399f17f3,2,"{""needs_improvement"":[],""strengths"":[""earthing"",""electrical-wiring""]}",2026-04-06,Y11,"KaushalSetu synthetic generator v2, seed 20260929",2026-09-28T12:00:00+05:30,"SYNTHETIC demo data (KaushalSetu SIH prototype): fictional entities, team-assumed numbers, not real or official statistics.",true
fb4e1c8a-0100-5062-89a8-cd87676c356f,0e7e3af1-7535-5e05-990f-e7aedfd745a4,ac2affc1-49cc-5d1a-884c-73e0399f17f3,3,"{""needs_improvement"":[],""strengths"":[""earthing"",""electrical-wiring""]}",2026-04-08,Y11,"KaushalSetu synthetic generator v2, seed 20260929",2026-09-28T12:00:00+05:30,"SYNTHETIC demo data (KaushalSetu SIH prototype): fictional entities, team-assumed numbers, not real or official statistics.",true
7202b5e9-5725-5870-bab6-df999709fe02,0288d70d-fa69-5859-9e31-6302cbae324c,ac2affc1-49cc-5d1a-884c-73e0399f17f3,3,"{""needs_improvement"":[],""strengths"":[""earthing"",""electrical-wiring""]}",2026-03-09,Y11,"KaushalSetu synthetic generator v2, seed 20260929",2026-09-28T12:00:00+05:30,"SYNTHETIC demo data (KaushalSetu SIH prototype): fictional entities, team-assumed numbers, not real or official statistics.",true
91493efb-e110-53fb-bd68-6359db1e8b4e,0f9dfc40-74df-5541-9380-29adb24472d2,ac2affc1-49cc-5d1a-884c-73e0399f17f3,3,"{""needs_improvement"":[],""strengths"":[""earthing"",""electrical-wiring""]}",2026-01-21,Y11,"KaushalSetu synthetic generator v2, seed 20260929",2026-09-28T12:00:00+05:30,"SYNTHETIC demo data (KaushalSetu SIH prototype): fictional entities, team-assumed numbers, not real or official statistics.",true
25e94f3e-9c97-51d8-b223-f0a1a72faf3c,eba0dbb9-094d-5494-be6c-107ebf8b76eb,5a42ca7c-88ac-5cb4-bb7a-623130be262b,4,"{""needs_improvement"":[],""strengths"":[""electrical-safety"",""electrical-wiring""]}",2026-03-17,Y11,"KaushalSetu synthetic generator v2, seed 20260929",2026-09-28T12:00:00+05:30,"SYNTHETIC demo data (KaushalSetu SIH prototype): fictional entities, team-assumed numbers, not real or official statistics.",true
6c110c21-30f5-59a9-b49c-ae593154ce8b,209d0e1e-3590-5a55-8a34-172c25e494a2,363502e9-2ff7-5d7e-86d7-ca4d60b6599d,4,"{""needs_improvement"":[],""strengths"":[""motor-maintenance"",""motor-rewinding""]}",2026-02-12,Y11,"KaushalSetu synthetic generator v2, seed 20260929",2026-09-28T12:00:00+05:30,"SYNTHETIC demo data (KaushalSetu SIH prototype): fictional entities, team-assumed numbers, not real or official statistics.",true
