id,employer_id,district_id,business_type,business_size,channel,language,consent_given,submitted_at,roles_json,skills_json,hardest_skills_text,apprenticeship_willingness,apprentices_possible,recontact_consent,source,source_ref,fetched_at,license_note,is_synthetic
193dd02d-33d0-5352-82f1-57c6e86757a2,512ec453-5056-562c-84b6-9f3422804d70,fd3a219f-22fb-5952-b605-24e02df41044,EV service workshop,SMALL,WHATSAPP,mr,true,2025-05-02T09:00:00+05:30,"[{""count"":2,""role_id"":""45a4b4a2-7e42-55f6-933d-be42ed3a5b81"",""role_text"":""ईव्ही सर्व्हिस टेक्निशियन"",""timeframe_months"":12},{""count"":1,""role_id"":""19cab99e-6d9d-55f2-8e67-70f21663603e"",""role_text"":""ईव्ही चार्जर इन्स्टॉलेशन टेक्निशियन"",""timeframe_months"":12}]","[{""skill_id"":""f0af4a4e-db42-51ed-87e3-58e26be3ece6"",""text"":""ईव्ही दोष निदान""},{""skill_id"":""a839ef92-1395-54fb-b1cf-f0402a1eb876"",""text"":""बॅटरी व्यवस्थापन""},{""skill_id"":""aceccee2-272c-51f4-9894-7cda2515bace"",""text"":""हाय व्होल्टेज सुरक्षा""}]","मिळायला कठीण कौशल्ये: ईव्ही दोष निदान, बॅटरी व्यवस्थापन, हाय व्होल्टेज सुरक्षा.",YES,3,true,Y02,"KaushalSetu synthetic generator v2, seed 20260929",2026-09-28T12:00:00+05:30,"SYNTHETIC demo data (KaushalSetu SIH prototype): fictional entities, team-assumed numbers, not real or official statistics.",true
125622c1-73aa-535c-bda4-4b1813f2ec51,512ec453-5056-562c-84b6-9f3422804d70,fd3a219f-22fb-5952-b605-24e02df41044,EV service workshop,SMALL,PHONE,mr,true,2025-09-08T14:00:00+05:30,"[{""count"":3,""role_id"":""45a4b4a2-7e42-55f6-933d-be42ed3a5b81"",""role_text"":""ईव्ही सर्व्हिस टेक्निशियन"",""timeframe_months"":12},{""count"":1,""role_id"":""19cab99e-6d9d-55f2-8e67-70f21663603e"",""role_text"":""ईव्ही चार्जर इन्स्टॉलेशन टेक्निशियन"",""timeframe_months"":12}]","[{""skill_id"":""f0af4a4e-db42-51ed-87e3-58e26be3ece6"",""text"":""ईव्ही दोष निदान""},{""skill_id"":""a839ef92-1395-54fb-b1cf-f0402a1eb876"",""text"":""बॅटरी व्यवस्थापन""},{""skill_id"":""aceccee2-272c-51f4-9894-7cda2515bace"",""text"":""हाय व्होल्टेज सुरक्षा""}]","मिळायला कठीण कौशल्ये: ईव्ही दोष निदान, बॅटरी व्यवस्थापन, हाय व्होल्टेज सुरक्षा.",YES,3,true,Y02,"KaushalSetu synthetic generator v2, seed 20260929",2026-09-28T12:00:00+05:30,"SYNTHETIC demo data (KaushalSetu SIH prototype): fictional entities, team-assumed numbers, not real or official statistics.",true
3a4b3f33-a108-5bb5-9c0d-c171b0882a38,512ec453-5056-562c-84b6-9f3422804d70,fd3a219f-22fb-5952-b605-24e02df41044,EV service workshop,SMALL,PHONE,mr,true,2025-10-03T11:30:00+05:30,"[{""count"":4,""role_id"":""45a4b4a2-7e42-55f6-933d-be42ed3a5b81"",""role_text"":""ईव्ही सर्व्हिस टेक्निशियन"",""timeframe_months"":12},{""count"":2,""role_id"":""19cab99e-6d9d-55f2-8e67-70f21663603e"",""role_text"":""ईव्ही चार्जर इन्स्टॉलेशन टेक्निशियन"",""timeframe_months"":12}]","[{""skill_id"":""f0af4a4e-db42-51ed-87e3-58e26be3ece6"",""text"":""ईव्ही दोष निदान""},{""skill_id"":""a839ef92-1395-54fb-b1cf-f0402a1eb876"",""text"":""बॅटरी व्यवस्थापन""},{""skill_id"":""aceccee2-272c-51f4-9894-7cda2515bace"",""text"":""हाय व्होल्टेज सुरक्षा""}]","मिळायला कठीण कौशल्ये: ईव्ही दोष निदान, बॅटरी व्यवस्थापन, हाय व्होल्टेज सुरक्षा.",YES,3,true,Y02,"KaushalSetu synthetic generator v2, seed 20260929",2026-09-28T12:00:00+05:30,"SYNTHETIC demo data (KaushalSetu SIH prototype): fictional entities, team-assumed numbers, not real or official statistics.",true
4c45266d-ecda-5520-a59d-88b152ce243b,512ec453-5056-562c-84b6-9f3422804d70,fd3a219f-22fb-5952-b605-24e02df41044,EV service workshop,SMALL,WHATSAPP,mr,true,2026-02-11T17:15:00+05:30,"[{""count"":6,""role_id"":""45a4b4a2-7e42-55f6-933d-be42ed3a5b81"",""role_text"":""ईव्ही सर्व्हिस टेक्निशियन"",""timeframe_months"":12},{""count"":2,""role_id"":""19cab99e-6d9d-55f2-8e67-70f21663603e"",""role_text"":""ईव्ही चार्जर इन्स्टॉलेशन टेक्निशियन"",""timeframe_months"":12}]","[{""skill_id"":""f0af4a4e-db42-51ed-87e3-58e26be3ece6"",""text"":""ईव्ही दोष निदान""},{""skill_id"":""a839ef92-1395-54fb-b1cf-f0402a1eb876"",""text"":""बॅटरी व्यवस्थापन""},{""skill_id"":""aceccee2-272c-51f4-9894-7cda2515bace"",""text"":""हाय व्होल्टेज सुरक्षा""}]","मिळायला कठीण कौशल्ये: ईव्ही दोष निदान, बॅटरी व्यवस्थापन, हाय व्होल्टेज सुरक्षा.",YES,3,true,Y02,"KaushalSetu synthetic generator v2, seed 20260929",2026-09-28T12:00:00+05:30,"SYNTHETIC demo data (KaushalSetu SIH prototype): fictional entities, team-assumed numbers, not real or official statistics.",true
5deff711-6190-5f2c-b7b6-386de66c8ca8,512ec453-5056-562c-84b6-9f3422804d70,fd3a219f-22fb-5952-b605-24e02df41044,EV service workshop,SMALL,PHONE,mr,true,2026-04-12T14:30:00+05:30,"[{""count"":7,""role_id"":""45a4b4a2-7e42-55f6-933d-be42ed3a5b81"",""role_text"":""ईव्ही सर्व्हिस टेक्निशियन"",""timeframe_months"":12},{""count"":3,""role_id"":""19cab99e-6d9d-55f2-8e67-70f21663603e"",""role_text"":""ईव्ही चार्जर इन्स्टॉलेशन टेक्निशियन"",""timeframe_months"":12}]","[{""skill_id"":""f0af4a4e-db42-51ed-87e3-58e26be3ece6"",""text"":""ईव्ही दोष निदान""},{""skill_id"":""a839ef92-1395-54fb-b1cf-f0402a1eb876"",""text"":""बॅटरी व्यवस्थापन""},{""skill_id"":""aceccee2-272c-51f4-9894-7cda2515bace"",""text"":""हाय व्होल्टेज सुरक्षा""}]","मिळायला कठीण कौशल्ये: ईव्ही दोष निदान, बॅटरी व्यवस्थापन, हाय व्होल्टेज सुरक्षा.",YES,3,true,Y02,"KaushalSetu synthetic generator v2, seed 20260929",2026-09-28T12:00:00+05:30,"SYNTHETIC demo data (KaushalSetu SIH prototype): fictional entities, team-assumed numbers, not real or official statistics.",true
48f45ea8-03f0-5893-a878-c3e0d8c257da,512ec453-5056-562c-84b6-9f3422804d70,fd3a219f-22fb-5952-b605-24e02df41044,EV service workshop,SMALL,WHATSAPP,mr,true,2026-08-16T13:45:00+05:30,"[{""count"":8,""role_id"":""45a4b4a2-7e42-55f6-933d-be42ed3a5b81"",""role_text"":""ईव्ही सर्व्हिस टेक्निशियन"",""timeframe_months"":12},{""count"":3,""role_id"":""19cab99e-6d9d-55f2-8e67-70f21663603e"",""role_text"":""ईव्ही चार्जर इन्स्टॉलेशन टेक्निशियन"",""timeframe_months"":12}]","[{""skill_id"":""f0af4a4e-db42-51ed-87e3-58e26be3ece6"",""text"":""ईव्ही दोष निदान""},{""skill_id"":""a839ef92-1395-54fb-b1cf-f0402a1eb876"",""text"":""बॅटरी व्यवस्थापन""},{""skill_id"":""aceccee2-272c-51f4-9894-7cda2515bace"",""text"":""हाय व्होल्टेज सुरक्षा""}]","मिळायला कठीण कौशल्ये: ईव्ही दोष निदान, बॅटरी व्यवस्थापन, हाय व्होल्टेज सुरक्षा.",YES,3,true,Y02,"KaushalSetu synthetic generator v2, seed 20260929",2026-09-28T12:00:00+05:30,"SYNTHETIC demo data (KaushalSetu SIH prototype): fictional entities, team-assumed numbers, not real or official statistics.",true
e9c7f1e9-72d7-50be-af89-84af48ad15ef,11483913-5e52-50ca-89d9-03c56a315e02,fd3a219f-22fb-5952-b605-24e02df41044,EV component manufacturing,MEDIUM,WEB,en,true,2025-04-27T13:15:00+05:30,"[{""count"":3,""role_id"":""45a4b4a2-7e42-55f6-933d-be42ed3a5b81"",""role_text"":""EV Service Technician"",""timeframe_months"":12},{""count"":4,""role_id"":""c7df5212-ab60-5561-aa36-9acc415e9b5b"",""role_text"":""Electrician"",""timeframe_months"":12}]","[{""skill_id"":""a839ef92-1395-54fb-b1cf-f0402a1eb876"",""text"":""battery testing""},{""skill_id"":""aceccee2-272c-51f4-9894-7cda2515bace"",""text"":""High-Voltage Safety""}]","Hard to find: battery testing, High-Voltage Safety.",YES,6,true,Y02,"KaushalSetu synthetic generator v2, seed 20260929",2026-09-28T12:00:00+05:30,"SYNTHETIC demo data (KaushalSetu SIH prototype): fictional entities, team-assumed numbers, not real or official statistics.",true
2a2f0a70-6883-538b-8289-e48c84a820d2,11483913-5e52-50ca-89d9-03c56a315e02,fd3a219f-22fb-5952-b605-24e02df41044,EV component manufacturing,MEDIUM,WEB,en,true,2025-07-22T12:00:00+05:30,"[{""count"":5,""role_id"":""45a4b4a2-7e42-55f6-933d-be42ed3a5b81"",""role_text"":""EV Service Technician"",""timeframe_months"":12},{""count"":4,""role_id"":""c7df5212-ab60-5561-aa36-9acc415e9b5b"",""role_text"":""Electrician"",""timeframe_months"":12}]","[{""skill_id"":""a839ef92-1395-54fb-b1cf-f0402a1eb876"",""text"":""lithium-ion battery handling""},{""skill_id"":""aceccee2-272c-51f4-9894-7cda2515bace"",""text"":""High-Voltage Safety""}]","Hard to find: lithium-ion battery handling, High-Voltage Safety.",YES,6,true,Y02,"KaushalSetu synthetic generator v2, seed 20260929",2026-09-28T12:00:00+05:30,"SYNTHETIC demo data (KaushalSetu SIH prototype): fictional entities, team-assumed numbers, not real or official statistics.",true
33fdfbe1-c348-5152-bb4a-3305d18fbca9,11483913-5e52-50ca-89d9-03c56a315e02,fd3a219f-22fb-5952-b605-24e02df41044,EV component manufacturing,MEDIUM,WEB,en,true,2025-10-19T12:30:00+05:30,"[{""count"":7,""role_id"":""45a4b4a2-7e42-55f6-933d-be42ed3a5b81"",""role_text"":""EV Service Technician"",""timeframe_months"":12},{""count"":4,""role_id"":""c7df5212-ab60-5561-aa36-9acc415e9b5b"",""role_text"":""Electrician"",""timeframe_months"":12}]","[{""skill_id"":""a839ef92-1395-54fb-b1cf-f0402a1eb876"",""text"":""BMS""},{""skill_id"":""aceccee2-272c-51f4-9894-7cda2515bace"",""text"":""High-Voltage Safety""},{""skill_id"":""f0af4a4e-db42-51ed-87e3-58e26be3ece6"",""text"":""EV Diagnostics""}]","Hard to find: BMS, High-Voltage Safety, EV Diagnostics.",YES,6,true,Y02,"KaushalSetu synthetic generator v2, seed 20260929",2026-09-28T12:00:00+05:30,"SYNTHETIC demo data (KaushalSetu SIH prototype): fictional entities, team-assumed numbers, not real or official statistics.",true
4ded3f54-1d14-59ee-9185-6f4b222b99d4,11483913-5e52-50ca-89d9-03c56a315e02,fd3a219f-22fb-5952-b605-24e02df41044,EV component manufacturing,MEDIUM,WHATSAPP,en,true,2026-02-18T12:15:00+05:30,"[{""count"":8,""role_id"":""45a4b4a2-7e42-55f6-933d-be42ed3a5b81"",""role_text"":""EV Service Technician"",""timeframe_months"":12},{""count"":5,""role_id"":""c7df5212-ab60-5561-aa36-9acc415e9b5b"",""role_text"":""Electrician"",""timeframe_months"":12}]","[{""skill_id"":""a839ef92-1395-54fb-b1cf-f0402a1eb876"",""text"":""Battery Management""},{""skill_id"":""aceccee2-272c-51f4-9894-7cda2515bace"",""text"":""EV high-voltage precautions""},{""skill_id"":""f0af4a4e-db42-51ed-87e3-58e26be3ece6"",""text"":""EV Diagnostics""}]","Hard to find: Battery Management, EV high-voltage precautions, EV Diagnostics.",YES,6,true,Y02,"KaushalSetu synthetic generator v2, seed 20260929",2026-09-28T12:00:00+05:30,"SYNTHETIC demo data (KaushalSetu SIH prototype): fictional entities, team-assumed numbers, not real or official statistics.",true
fc5133bc-35d7-5965-8a69-a471ffaac336,11483913-5e52-50ca-89d9-03c56a315e02,fd3a219f-22fb-5952-b605-24e02df41044,EV component manufacturing,MEDIUM,WHATSAPP,en,true,2026-05-13T14:45:00+05:30,"[{""count"":10,""role_id"":""45a4b4a2-7e42-55f6-933d-be42ed3a5b81"",""role_text"":""EV Service Technician"",""timeframe_months"":12},{""count"":5,""role_id"":""c7df5212-ab60-5561-aa36-9acc415e9b5b"",""role_text"":""Electrician"",""timeframe_months"":12}]","[{""skill_id"":""a839ef92-1395-54fb-b1cf-f0402a1eb876"",""text"":""Battery Management""},{""skill_id"":""aceccee2-272c-51f4-9894-7cda2515bace"",""text"":""High-Voltage Safety""},{""skill_id"":""f0af4a4e-db42-51ed-87e3-58e26be3ece6"",""text"":""EV fault diagnosis""}]","Hard to find: Battery Management, High-Voltage Safety, EV fault diagnosis.",YES,6,true,Y02,"KaushalSetu synthetic generator v2, seed 20260929",2026-09-28T12:00:00+05:30,"SYNTHETIC demo data (KaushalSetu SIH prototype): fictional entities, team-assumed numbers, not real or official statistics.",true
3bfab3a6-e80b-5426-8c45-22ac80f231df,11483913-5e52-50ca-89d9-03c56a315e02,fd3a219f-22fb-5952-b605-24e02df41044,EV component manufacturing,MEDIUM,PHONE,en,true,2026-08-21T12:45:00+05:30,"[{""count"":12,""role_id"":""45a4b4a2-7e42-55f6-933d-be42ed3a5b81"",""role_text"":""EV Service Technician"",""timeframe_months"":12},{""count"":5,""role_id"":""c7df5212-ab60-5561-aa36-9acc415e9b5b"",""role_text"":""Electrician"",""timeframe_months"":12}]","[{""skill_id"":""a839ef92-1395-54fb-b1cf-f0402a1eb876"",""text"":""lithium-ion battery handling""},{""skill_id"":""aceccee2-272c-51f4-9894-7cda2515bace"",""text"":""EV high-voltage precautions""},{""skill_id"":""f0af4a4e-db42-51ed-87e3-58e26be3ece6"",""text"":""EV troubleshooting""}]","Hard to find: lithium-ion battery handling, EV high-voltage precautions, EV troubleshooting.",YES,6,true,Y02,"KaushalSetu synthetic generator v2, seed 20260929",2026-09-28T12:00:00+05:30,"SYNTHETIC demo data (KaushalSetu SIH prototype): fictional entities, team-assumed numbers, not real or official statistics.",true
f022d67e-9c1b-5e4c-9f7b-92eb34d7e435,0bbcec85-57c4-5c3e-9ef6-bc86fcafeb57,fd3a219f-22fb-5952-b605-24e02df41044,EV charger installation and maintenance,SMALL,PHONE,en,true,2025-04-04T11:45:00+05:30,"[{""count"":2,""role_id"":""19cab99e-6d9d-55f2-8e67-70f21663603e"",""role_text"":""EV Charger Installation Technician"",""timeframe_months"":12}]","[{""skill_id"":""a81a6b02-0664-5e71-b730-da8e67473011"",""text"":""charging station""},{""skill_id"":""fe1f87ba-b22b-51e9-a579-2156f00496b3"",""text"":""earth pit installation""}]","Hard to find: charging station, earth pit installation.",YES,2,true,Y02,"KaushalSetu synthetic generator v2, seed 20260929",2026-09-28T12:00:00+05:30,"SYNTHETIC demo data (KaushalSetu SIH prototype): fictional entities, team-assumed numbers, not real or official statistics.",true
56c3a93a-ee7c-5750-8373-732b7ed03b70,0bbcec85-57c4-5c3e-9ef6-bc86fcafeb57,fd3a219f-22fb-5952-b605-24e02df41044,EV charger installation and maintenance,SMALL,WEB,en,true,2025-07-31T18:00:00+05:30,"[{""count"":3,""role_id"":""19cab99e-6d9d-55f2-8e67-70f21663603e"",""role_text"":""EV Charger Installation Technician"",""timeframe_months"":12}]","[{""skill_id"":""a81a6b02-0664-5e71-b730-da8e67473011"",""text"":""charging point installation""},{""skill_id"":""fe1f87ba-b22b-51e9-a579-2156f00496b3"",""text"":""grounding""}]","Hard to find: charging point installation, grounding.",YES,2,true,Y02,"KaushalSetu synthetic generator v2, seed 20260929",2026-09-28T12:00:00+05:30,"SYNTHETIC demo data (KaushalSetu SIH prototype): fictional entities, team-assumed numbers, not real or official statistics.",true
f9e6ad67-2a25-550b-a0ad-df9f717d8fd8,0bbcec85-57c4-5c3e-9ef6-bc86fcafeb57,fd3a219f-22fb-5952-b605-24e02df41044,EV charger installation and maintenance,SMALL,PHONE,en,true,2025-12-22T09:15:00+05:30,"[{""count"":4,""role_id"":""19cab99e-6d9d-55f2-8e67-70f21663603e"",""role_text"":""EV Charger Installation Technician"",""timeframe_months"":12}]","[{""skill_id"":""a81a6b02-0664-5e71-b730-da8e67473011"",""text"":""charging point installation""},{""skill_id"":""fe1f87ba-b22b-51e9-a579-2156f00496b3"",""text"":""Earthing and Grounding""}]","Hard to find: charging point installation, Earthing and Grounding.",YES,2,true,Y02,"KaushalSetu synthetic generator v2, seed 20260929",2026-09-28T12:00:00+05:30,"SYNTHETIC demo data (KaushalSetu SIH prototype): fictional entities, team-assumed numbers, not real or official statistics.",true
2c23b153-0d8b-51ef-85ac-4f7ca1dd3d86,0bbcec85-57c4-5c3e-9ef6-bc86fcafeb57,fd3a219f-22fb-5952-b605-24e02df41044,EV charger installation and maintenance,SMALL,WHATSAPP,en,true,2026-03-01T09:15:00+05:30,"[{""count"":5,""role_id"":""19cab99e-6d9d-55f2-8e67-70f21663603e"",""role_text"":""EV Charger Installation Technician"",""timeframe_months"":12}]","[{""skill_id"":""a81a6b02-0664-5e71-b730-da8e67473011"",""text"":""EV charger""},{""skill_id"":""fe1f87ba-b22b-51e9-a579-2156f00496b3"",""text"":""Earthing and Grounding""}]","Hard to find: EV charger, Earthing and Grounding.",YES,2,true,Y02,"KaushalSetu synthetic generator v2, seed 20260929",2026-09-28T12:00:00+05:30,"SYNTHETIC demo data (KaushalSetu SIH prototype): fictional entities, team-assumed numbers, not real or official statistics.",true
26740c22-6bc0-50da-8aa5-84a6abb6a4d6,0bbcec85-57c4-5c3e-9ef6-bc86fcafeb57,fd3a219f-22fb-5952-b605-24e02df41044,EV charger installation and maintenance,SMALL,TELEGRAM,en,true,2026-05-14T17:45:00+05:30,"[{""count"":6,""role_id"":""19cab99e-6d9d-55f2-8e67-70f21663603e"",""role_text"":""EV Charger Installation Technician"",""timeframe_months"":12}]","[{""skill_id"":""a81a6b02-0664-5e71-b730-da8e67473011"",""text"":""EV charging station installation""},{""skill_id"":""fe1f87ba-b22b-51e9-a579-2156f00496b3"",""text"":""Earthing and Grounding""}]","Hard to find: EV charging station installation, Earthing and Grounding.",YES,2,true,Y02,"KaushalSetu synthetic generator v2, seed 20260929",2026-09-28T12:00:00+05:30,"SYNTHETIC demo data (KaushalSetu SIH prototype): fictional entities, team-assumed numbers, not real or official statistics.",true
4ecb870a-e541-5f04-85cf-33073b2dd10d,0bbcec85-57c4-5c3e-9ef6-bc86fcafeb57,fd3a219f-22fb-5952-b605-24e02df41044,EV charger installation and maintenance,SMALL,WEB,en,true,2026-07-27T16:15:00+05:30,"[{""count"":7,""role_id"":""19cab99e-6d9d-55f2-8e67-70f21663603e"",""role_text"":""EV Charger Installation Technician"",""timeframe_months"":12}]","[{""skill_id"":""a81a6b02-0664-5e71-b730-da8e67473011"",""text"":""EV charger""},{""skill_id"":""fe1f87ba-b22b-51e9-a579-2156f00496b3"",""text"":""earth pit installation""}]","Hard to find: EV charger, earth pit installation.",YES,2,true,Y02,"KaushalSetu synthetic generator v2, seed 20260929",2026-09-28T12:00:00+05:30,"SYNTHETIC demo data (KaushalSetu SIH prototype): fictional entities, team-assumed numbers, not real or official statistics.",true
a8b50525-f465-5ffe-9495-6293009a3205,8087cd2c-1ad4-58f9-8325-890f2ad4708c,fd3a219f-22fb-5952-b605-24e02df41044,Electrical contracting,SMALL,WEB,mr,true,2025-04-26T17:30:00+05:30,"[{""count"":4,""role_id"":""c7df5212-ab60-5561-aa36-9acc415e9b5b"",""role_text"":""इलेक्ट्रिशियन"",""timeframe_months"":12},{""count"":3,""role_id"":""2f571be3-597c-576f-8dbd-e8baff7c9dfe"",""role_text"":""वायरमन"",""timeframe_months"":12}]","[{""skill_id"":""8ef0b61f-e058-55ff-b569-058bf9c2611a"",""text"":""वायरिंग काम""},{""skill_id"":""1410f386-d9ff-5480-898b-1c4f925f7b61"",""text"":""विद्युत सुरक्षा""}]","मिळायला कठीण कौशल्ये: वायरिंग काम, विद्युत सुरक्षा.",MAYBE,2,true,Y02,"KaushalSetu synthetic generator v2, seed 20260929",2026-09-28T12:00:00+05:30,"SYNTHETIC demo data (KaushalSetu SIH prototype): fictional entities, team-assumed numbers, not real or official statistics.",true
238a9be4-ea3b-5d9b-82dd-81dc960e905b,8087cd2c-1ad4-58f9-8325-890f2ad4708c,fd3a219f-22fb-5952-b605-24e02df41044,Electrical contracting,SMALL,WEB,mr,true,2025-08-17T18:00:00+05:30,"[{""count"":4,""role_id"":""c7df5212-ab60-5561-aa36-9acc415e9b5b"",""role_text"":""इलेक्ट्रिशियन"",""timeframe_months"":12},{""count"":3,""role_id"":""2f571be3-597c-576f-8dbd-e8baff7c9dfe"",""role_text"":""वायरमन"",""timeframe_months"":12}]","[{""skill_id"":""8ef0b61f-e058-55ff-b569-058bf9c2611a"",""text"":""वायरिंग काम""},{""skill_id"":""1410f386-d9ff-5480-898b-1c4f925f7b61"",""text"":""विद्युत सुरक्षा""}]","मिळायला कठीण कौशल्ये: वायरिंग काम, विद्युत सुरक्षा.",MAYBE,2,true,Y02,"KaushalSetu synthetic generator v2, seed 20260929",2026-09-28T12:00:00+05:30,"SYNTHETIC demo data (KaushalSetu SIH prototype): fictional entities, team-assumed numbers, not real or official statistics.",true
77a83aed-ccae-57f8-b602-4810abc10399,8087cd2c-1ad4-58f9-8325-890f2ad4708c,fd3a219f-22fb-5952-b605-24e02df41044,Electrical contracting,SMALL,WEB,mr,true,2025-12-01T17:30:00+05:30,"[{""count"":4,""role_id"":""c7df5212-ab60-5561-aa36-9acc415e9b5b"",""role_text"":""इलेक्ट्रिशियन"",""timeframe_months"":12},{""count"":3,""role_id"":""2f571be3-597c-576f-8dbd-e8baff7c9dfe"",""role_text"":""वायरमन"",""timeframe_months"":12},{""count"":1,""role_id"":""19cab99e-6d9d-55f2-8e67-70f21663603e"",""role_text"":""ईव्ही चार्जर इन्स्टॉलेशन टेक्निशियन"",""timeframe_months"":12}]","[{""skill_id"":""8ef0b61f-e058-55ff-b569-058bf9c2611a"",""text"":""वायरिंग काम""},{""skill_id"":""1410f386-d9ff-5480-898b-1c4f925f7b61"",""text"":""विद्युत सुरक्षा""}]","मिळायला कठीण कौशल्ये: वायरिंग काम, विद्युत सुरक्षा.",MAYBE,2,true,Y02,"KaushalSetu synthetic generator v2, seed 20260929",2026-09-28T12:00:00+05:30,"SYNTHETIC demo data (KaushalSetu SIH prototype): fictional entities, team-assumed numbers, not real or official statistics.",true
3054f1f9-34c6-5864-8376-e3857b656702,8087cd2c-1ad4-58f9-8325-890f2ad4708c,fd3a219f-22fb-5952-b605-24e02df41044,Electrical contracting,SMALL,WHATSAPP,mr,true,2026-02-05T10:00:00+05:30,"[{""count"":4,""role_id"":""c7df5212-ab60-5561-aa36-9acc415e9b5b"",""role_text"":""इलेक्ट्रिशियन"",""timeframe_months"":12},{""count"":2,""role_id"":""2f571be3-597c-576f-8dbd-e8baff7c9dfe"",""role_text"":""वायरमन"",""timeframe_months"":12},{""count"":1,""role_id"":""19cab99e-6d9d-55f2-8e67-70f21663603e"",""role_text"":""ईव्ही चार्जर इन्स्टॉलेशन टेक्निशियन"",""timeframe_months"":12}]","[{""skill_id"":""8ef0b61f-e058-55ff-b569-058bf9c2611a"",""text"":""वायरिंग काम""},{""skill_id"":""1410f386-d9ff-5480-898b-1c4f925f7b61"",""text"":""विद्युत सुरक्षा""},{""skill_id"":""a81a6b02-0664-5e71-b730-da8e67473011"",""text"":""ईव्ही चार्जर बसवणे""}]","मिळायला कठीण कौशल्ये: वायरिंग काम, विद्युत सुरक्षा, ईव्ही चार्जर बसवणे.",MAYBE,2,true,Y02,"KaushalSetu synthetic generator v2, seed 20260929",2026-09-28T12:00:00+05:30,"SYNTHETIC demo data (KaushalSetu SIH prototype): fictional entities, team-assumed numbers, not real or official statistics.",true
f871da7e-6fa3-5cd4-aaba-0a1ea646760a,8087cd2c-1ad4-58f9-8325-890f2ad4708c,fd3a219f-22fb-5952-b605-24e02df41044,Electrical contracting,SMALL,WEB,mr,true,2026-05-06T13:00:00+05:30,"[{""count"":4,""role_id"":""c7df5212-ab60-5561-aa36-9acc415e9b5b"",""role_text"":""इलेक्ट्रिशियन"",""timeframe_months"":12},{""count"":2,""role_id"":""2f571be3-597c-576f-8dbd-e8baff7c9dfe"",""role_text"":""वायरमन"",""timeframe_months"":12},{""count"":2,""role_id"":""19cab99e-6d9d-55f2-8e67-70f21663603e"",""role_text"":""ईव्ही चार्जर इन्स्टॉलेशन टेक्निशियन"",""timeframe_months"":12}]","[{""skill_id"":""8ef0b61f-e058-55ff-b569-058bf9c2611a"",""text"":""वायरिंग काम""},{""skill_id"":""1410f386-d9ff-5480-898b-1c4f925f7b61"",""text"":""विद्युत सुरक्षा""},{""skill_id"":""a81a6b02-0664-5e71-b730-da8e67473011"",""text"":""ईव्ही चार्जर बसवणे""}]","मिळायला कठीण कौशल्ये: वायरिंग काम, विद्युत सुरक्षा, ईव्ही चार्जर बसवणे.",MAYBE,2,true,Y02,"KaushalSetu synthetic generator v2, seed 20260929",2026-09-28T12:00:00+05:30,"SYNTHETIC demo data (KaushalSetu SIH prototype): fictional entities, team-assumed numbers, not real or official statistics.",true
4938be4e-953b-5c96-82e5-f37b36f6bc70,8087cd2c-1ad4-58f9-8325-890f2ad4708c,fd3a219f-22fb-5952-b605-24e02df41044,Electrical contracting,SMALL,WHATSAPP,mr,true,2026-07-07T15:00:00+05:30,"[{""count"":4,""role_id"":""c7df5212-ab60-5561-aa36-9acc415e9b5b"",""role_text"":""इलेक्ट्रिशियन"",""timeframe_months"":12},{""count"":2,""role_id"":""2f571be3-597c-576f-8dbd-e8baff7c9dfe"",""role_text"":""वायरमन"",""timeframe_months"":12},{""count"":2,""role_id"":""19cab99e-6d9d-55f2-8e67-70f21663603e"",""role_text"":""ईव्ही चार्जर इन्स्टॉलेशन टेक्निशियन"",""timeframe_months"":12}]","[{""skill_id"":""8ef0b61f-e058-55ff-b569-058bf9c2611a"",""text"":""वायरिंग काम""},{""skill_id"":""1410f386-d9ff-5480-898b-1c4f925f7b61"",""text"":""विद्युत सुरक्षा""},{""skill_id"":""a81a6b02-0664-5e71-b730-da8e67473011"",""text"":""ईव्ही चार्जर बसवणे""}]","मिळायला कठीण कौशल्ये: वायरिंग काम, विद्युत सुरक्षा, ईव्ही चार्जर बसवणे.",MAYBE,2,true,Y02,"KaushalSetu synthetic generator v2, seed 20260929",2026-09-28T12:00:00+05:30,"SYNTHETIC demo data (KaushalSetu SIH prototype): fictional entities, team-assumed numbers, not real or official statistics.",true
8aa10010-7c0a-5144-ac8b-aaa683adb544,deb5e7b6-5a52-56b6-ae91-388a9f5334eb,fd3a219f-22fb-5952-b605-24e02df41044,Motor repair workshop,MICRO,WEB,mr,true,2025-06-16T13:45:00+05:30,"[{""count"":2,""role_id"":""03766387-41ff-5119-95b7-86ce19e0d729"",""role_text"":""मोटर वाइंडर"",""timeframe_months"":12},{""count"":1,""role_id"":""c7df5212-ab60-5561-aa36-9acc415e9b5b"",""role_text"":""इलेक्ट्रिशियन"",""timeframe_months"":12}]","[{""skill_id"":""3a7a7093-1c3d-5e15-94d0-dcbac3794d85"",""text"":""मोटर वाइंडिंग""},{""skill_id"":""dd8d79cf-0adb-5b51-bc22-17e07695f258"",""text"":""Basic Motor Maintenance""}]","मिळायला कठीण कौशल्ये: मोटर वाइंडिंग, Basic Motor Maintenance.",NO,0,false,Y02,"KaushalSetu synthetic generator v2, seed 20260929",2026-09-28T12:00:00+05:30,"SYNTHETIC demo data (KaushalSetu SIH prototype): fictional entities, team-assumed numbers, not real or official statistics.",true
b3ba2413-734b-5660-8bd4-758db71d49ba,deb5e7b6-5a52-56b6-ae91-388a9f5334eb,fd3a219f-22fb-5952-b605-24e02df41044,Motor repair workshop,MICRO,TELEGRAM,mr,true,2025-07-09T14:15:00+05:30,"[{""count"":2,""role_id"":""03766387-41ff-5119-95b7-86ce19e0d729"",""role_text"":""मोटर वाइंडर"",""timeframe_months"":12},{""count"":1,""role_id"":""c7df5212-ab60-5561-aa36-9acc415e9b5b"",""role_text"":""इलेक्ट्रिशियन"",""timeframe_months"":12}]","[{""skill_id"":""3a7a7093-1c3d-5e15-94d0-dcbac3794d85"",""text"":""मोटर वाइंडिंग""},{""skill_id"":""dd8d79cf-0adb-5b51-bc22-17e07695f258"",""text"":""Basic Motor Maintenance""}]","मिळायला कठीण कौशल्ये: मोटर वाइंडिंग, Basic Motor Maintenance.",NO,0,false,Y02,"KaushalSetu synthetic generator v2, seed 20260929",2026-09-28T12:00:00+05:30,"SYNTHETIC demo data (KaushalSetu SIH prototype): fictional entities, team-assumed numbers, not real or official statistics.",true
12b834af-f089-501c-b19b-d8bcbb441974,deb5e7b6-5a52-56b6-ae91-388a9f5334eb,fd3a219f-22fb-5952-b605-24e02df41044,Motor repair workshop,MICRO,WEB,mr,true,2025-11-28T11:00:00+05:30,"[{""count"":2,""role_id"":""03766387-41ff-5119-95b7-86ce19e0d729"",""role_text"":""मोटर वाइंडर"",""timeframe_months"":12},{""count"":1,""role_id"":""c7df5212-ab60-5561-aa36-9acc415e9b5b"",""role_text"":""इलेक्ट्रिशियन"",""timeframe_months"":12}]","[{""skill_id"":""3a7a7093-1c3d-5e15-94d0-dcbac3794d85"",""text"":""मोटर वाइंडिंग""},{""skill_id"":""dd8d79cf-0adb-5b51-bc22-17e07695f258"",""text"":""Basic Motor Maintenance""}]","मिळायला कठीण कौशल्ये: मोटर वाइंडिंग, Basic Motor Maintenance.",NO,0,false,Y02,"KaushalSetu synthetic generator v2, seed 20260929",2026-09-28T12:00:00+05:30,"SYNTHETIC demo data (KaushalSetu SIH prototype): fictional entities, team-assumed numbers, not real or official statistics.",true
a7ec4258-cf81-5ffd-a31a-c81e6825f0d7,deb5e7b6-5a52-56b6-ae91-388a9f5334eb,fd3a219f-22fb-5952-b605-24e02df41044,Motor repair workshop,MICRO,WEB,mr,true,2026-03-28T13:00:00+05:30,"[{""count"":1,""role_id"":""03766387-41ff-5119-95b7-86ce19e0d729"",""role_text"":""मोटर वाइंडर"",""timeframe_months"":12},{""count"":1,""role_id"":""c7df5212-ab60-5561-aa36-9acc415e9b5b"",""role_text"":""इलेक्ट्रिशियन"",""timeframe_months"":12}]","[{""skill_id"":""3a7a7093-1c3d-5e15-94d0-dcbac3794d85"",""text"":""मोटर वाइंडिंग""},{""skill_id"":""dd8d79cf-0adb-5b51-bc22-17e07695f258"",""text"":""Basic Motor Maintenance""}]","मिळायला कठीण कौशल्ये: मोटर वाइंडिंग, Basic Motor Maintenance.",NO,0,false,Y02,"KaushalSetu synthetic generator v2, seed 20260929",2026-09-28T12:00:00+05:30,"SYNTHETIC demo data (KaushalSetu SIH prototype): fictional entities, team-assumed numbers, not real or official statistics.",true
02b73065-2d27-5b18-8459-92abb73d1eb8,deb5e7b6-5a52-56b6-ae91-388a9f5334eb,fd3a219f-22fb-5952-b605-24e02df41044,Motor repair workshop,MICRO,PHONE,mr,true,2026-06-01T09:15:00+05:30,"[{""count"":1,""role_id"":""03766387-41ff-5119-95b7-86ce19e0d729"",""role_text"":""मोटर वाइंडर"",""timeframe_months"":12},{""count"":1,""role_id"":""c7df5212-ab60-5561-aa36-9acc415e9b5b"",""role_text"":""इलेक्ट्रिशियन"",""timeframe_months"":12}]","[{""skill_id"":""3a7a7093-1c3d-5e15-94d0-dcbac3794d85"",""text"":""मोटर वाइंडिंग""},{""skill_id"":""dd8d79cf-0adb-5b51-bc22-17e07695f258"",""text"":""Basic Motor Maintenance""}]","मिळायला कठीण कौशल्ये: मोटर वाइंडिंग, Basic Motor Maintenance.",NO,0,false,Y02,"KaushalSetu synthetic generator v2, seed 20260929",2026-09-28T12:00:00+05:30,"SYNTHETIC demo data (KaushalSetu SIH prototype): fictional entities, team-assumed numbers, not real or official statistics.",true
05f398cc-aa4d-53f6-ad92-915e6e26d23c,deb5e7b6-5a52-56b6-ae91-388a9f5334eb,fd3a219f-22fb-5952-b605-24e02df41044,Motor repair workshop,MICRO,WHATSAPP,mr,true,2026-08-08T13:15:00+05:30,"[{""count"":1,""role_id"":""03766387-41ff-5119-95b7-86ce19e0d729"",""role_text"":""मोटर वाइंडर"",""timeframe_months"":12},{""count"":1,""role_id"":""c7df5212-ab60-5561-aa36-9acc415e9b5b"",""role_text"":""इलेक्ट्रिशियन"",""timeframe_months"":12}]","[{""skill_id"":""3a7a7093-1c3d-5e15-94d0-dcbac3794d85"",""text"":""मोटर वाइंडिंग""},{""skill_id"":""dd8d79cf-0adb-5b51-bc22-17e07695f258"",""text"":""Basic Motor Maintenance""}]","मिळायला कठीण कौशल्ये: मोटर वाइंडिंग, Basic Motor Maintenance.",NO,0,false,Y02,"KaushalSetu synthetic generator v2, seed 20260929",2026-09-28T12:00:00+05:30,"SYNTHETIC demo data (KaushalSetu SIH prototype): fictional entities, team-assumed numbers, not real or official statistics.",true
51f4204b-a06b-5990-b0c2-3ad81c708dfa,315af447-fae0-50c4-bd2b-b0bbc0420fde,fd3a219f-22fb-5952-b605-24e02df41044,Rooftop solar installation,SMALL,TELEGRAM,en,true,2025-05-12T18:00:00+05:30,"[{""count"":2,""role_id"":""608cbacd-5b75-535a-92f4-6a1d0aa606f5"",""role_text"":""Solar PV Installer"",""timeframe_months"":12},{""count"":1,""role_id"":""b943fcf7-9b8c-5261-907f-3a3ad77dfba0"",""role_text"":""Solar Service Technician"",""timeframe_months"":12}]","[{""skill_id"":""2a20981d-4161-5d60-a95d-5152cbed8f9c"",""text"":""PV module mounting""},{""skill_id"":""91acb70e-5f82-5058-a31e-34af08f6695f"",""text"":""Working at Height Safety""}]","Hard to find: PV module mounting, Working at Height Safety.",YES,2,true,Y02,"KaushalSetu synthetic generator v2, seed 20260929",2026-09-28T12:00:00+05:30,"SYNTHETIC demo data (KaushalSetu SIH prototype): fictional entities, team-assumed numbers, not real or official statistics.",true
58dfe594-c7b9-5ce8-8fd7-ccd5dc957c27,315af447-fae0-50c4-bd2b-b0bbc0420fde,fd3a219f-22fb-5952-b605-24e02df41044,Rooftop solar installation,SMALL,WHATSAPP,en,true,2025-07-17T14:45:00+05:30,"[{""count"":3,""role_id"":""608cbacd-5b75-535a-92f4-6a1d0aa606f5"",""role_text"":""Solar PV Installer"",""timeframe_months"":12},{""count"":1,""role_id"":""b943fcf7-9b8c-5261-907f-3a3ad77dfba0"",""role_text"":""Solar Service Technician"",""timeframe_months"":12}]","[{""skill_id"":""2a20981d-4161-5d60-a95d-5152cbed8f9c"",""text"":""solar panel installation""},{""skill_id"":""91acb70e-5f82-5058-a31e-34af08f6695f"",""text"":""Working at Height Safety""}]","Hard to find: solar panel installation, Working at Height Safety.",YES,2,true,Y02,"KaushalSetu synthetic generator v2, seed 20260929",2026-09-28T12:00:00+05:30,"SYNTHETIC demo data (KaushalSetu SIH prototype): fictional entities, team-assumed numbers, not real or official statistics.",true
643992fc-aa92-547f-9cc7-39eff93d5239,315af447-fae0-50c4-bd2b-b0bbc0420fde,fd3a219f-22fb-5952-b605-24e02df41044,Rooftop solar installation,SMALL,WHATSAPP,en,true,2025-11-20T13:30:00+05:30,"[{""count"":3,""role_id"":""608cbacd-5b75-535a-92f4-6a1d0aa606f5"",""role_text"":""Solar PV Installer"",""timeframe_months"":12},{""count"":1,""role_id"":""b943fcf7-9b8c-5261-907f-3a3ad77dfba0"",""role_text"":""Solar Service Technician"",""timeframe_months"":12}]","[{""skill_id"":""2a20981d-4161-5d60-a95d-5152cbed8f9c"",""text"":""PV module mounting""},{""skill_id"":""91acb70e-5f82-5058-a31e-34af08f6695f"",""text"":""safety harness use""}]","Hard to find: PV module mounting, safety harness use.",YES,2,true,Y02,"KaushalSetu synthetic generator v2, seed 20260929",2026-09-28T12:00:00+05:30,"SYNTHETIC demo data (KaushalSetu SIH prototype): fictional entities, team-assumed numbers, not real or official statistics.",true
0e6c7b7a-2306-5474-9023-af68091104ee,315af447-fae0-50c4-bd2b-b0bbc0420fde,fd3a219f-22fb-5952-b605-24e02df41044,Rooftop solar installation,SMALL,WHATSAPP,en,true,2026-02-19T18:30:00+05:30,"[{""count"":4,""role_id"":""608cbacd-5b75-535a-92f4-6a1d0aa606f5"",""role_text"":""Solar PV Installer"",""timeframe_months"":12},{""count"":2,""role_id"":""b943fcf7-9b8c-5261-907f-3a3ad77dfba0"",""role_text"":""Solar Service Technician"",""timeframe_months"":12}]","[{""skill_id"":""2a20981d-4161-5d60-a95d-5152cbed8f9c"",""text"":""rooftop solar installation""},{""skill_id"":""91acb70e-5f82-5058-a31e-34af08f6695f"",""text"":""height safety""}]","Hard to find: rooftop solar installation, height safety.",YES,2,true,Y02,"KaushalSetu synthetic generator v2, seed 20260929",2026-09-28T12:00:00+05:30,"SYNTHETIC demo data (KaushalSetu SIH prototype): fictional entities, team-assumed numbers, not real or official statistics.",true
0e33c406-8663-5f9a-b479-24cb146168cf,315af447-fae0-50c4-bd2b-b0bbc0420fde,fd3a219f-22fb-5952-b605-24e02df41044,Rooftop solar installation,SMALL,WEB,en,true,2026-05-25T17:15:00+05:30,"[{""count"":4,""role_id"":""608cbacd-5b75-535a-92f4-6a1d0aa606f5"",""role_text"":""Solar PV Installer"",""timeframe_months"":12},{""count"":2,""role_id"":""b943fcf7-9b8c-5261-907f-3a3ad77dfba0"",""role_text"":""Solar Service Technician"",""timeframe_months"":12}]","[{""skill_id"":""2a20981d-4161-5d60-a95d-5152cbed8f9c"",""text"":""Solar PV Installation""},{""skill_id"":""91acb70e-5f82-5058-a31e-34af08f6695f"",""text"":""height safety""}]","Hard to find: Solar PV Installation, height safety.",YES,2,true,Y02,"KaushalSetu synthetic generator v2, seed 20260929",2026-09-28T12:00:00+05:30,"SYNTHETIC demo data (KaushalSetu SIH prototype): fictional entities, team-assumed numbers, not real or official statistics.",true
2b59adc1-0e99-587e-860a-e9f4a1cc389b,315af447-fae0-50c4-bd2b-b0bbc0420fde,fd3a219f-22fb-5952-b605-24e02df41044,Rooftop solar installation,SMALL,WHATSAPP,en,true,2026-08-15T17:30:00+05:30,"[{""count"":5,""role_id"":""608cbacd-5b75-535a-92f4-6a1d0aa606f5"",""role_text"":""Solar PV Installer"",""timeframe_months"":12},{""count"":2,""role_id"":""b943fcf7-9b8c-5261-907f-3a3ad77dfba0"",""role_text"":""Solar Service Technician"",""timeframe_months"":12}]","[{""skill_id"":""2a20981d-4161-5d60-a95d-5152cbed8f9c"",""text"":""solar panel installation""},{""skill_id"":""91acb70e-5f82-5058-a31e-34af08f6695f"",""text"":""safety harness use""}]","Hard to find: solar panel installation, safety harness use.",YES,2,true,Y02,"KaushalSetu synthetic generator v2, seed 20260929",2026-09-28T12:00:00+05:30,"SYNTHETIC demo data (KaushalSetu SIH prototype): fictional entities, team-assumed numbers, not real or official statistics.",true
adfc5072-3f23-5fdf-8ea4-8210d444678c,3279c38b-cd9b-5a66-b557-a1694588e03b,05d7354b-c53f-5e04-95e5-eb977f8c1379,EV service workshop,SMALL,WHATSAPP,en,true,2025-04-07T09:15:00+05:30,"[{""count"":3,""role_id"":""45a4b4a2-7e42-55f6-933d-be42ed3a5b81"",""role_text"":""EV Service Technician"",""timeframe_months"":12},{""count"":1,""role_id"":""19cab99e-6d9d-55f2-8e67-70f21663603e"",""role_text"":""EV Charger Installation Technician"",""timeframe_months"":12}]","[{""skill_id"":""f0af4a4e-db42-51ed-87e3-58e26be3ece6"",""text"":""EV Diagnostics""},{""skill_id"":""a839ef92-1395-54fb-b1cf-f0402a1eb876"",""text"":""BMS""},{""skill_id"":""aceccee2-272c-51f4-9894-7cda2515bace"",""text"":""EV high-voltage precautions""}]","Hard to find: EV Diagnostics, BMS, EV high-voltage precautions.",YES,4,true,Y02,"KaushalSetu synthetic generator v2, seed 20260929",2026-09-28T12:00:00+05:30,"SYNTHETIC demo data (KaushalSetu SIH prototype): fictional entities, team-assumed numbers, not real or official statistics.",true
4b115857-bdcf-5094-aed6-2f85279d862d,3279c38b-cd9b-5a66-b557-a1694588e03b,05d7354b-c53f-5e04-95e5-eb977f8c1379,EV service workshop,SMALL,PHONE,en,true,2025-09-08T17:00:00+05:30,"[{""count"":4,""role_id"":""45a4b4a2-7e42-55f6-933d-be42ed3a5b81"",""role_text"":""EV Service Technician"",""timeframe_months"":12},{""count"":1,""role_id"":""19cab99e-6d9d-55f2-8e67-70f21663603e"",""role_text"":""EV Charger Installation Technician"",""timeframe_months"":12}]","[{""skill_id"":""f0af4a4e-db42-51ed-87e3-58e26be3ece6"",""text"":""EV troubleshooting""},{""skill_id"":""a839ef92-1395-54fb-b1cf-f0402a1eb876"",""text"":""BMS""},{""skill_id"":""aceccee2-272c-51f4-9894-7cda2515bace"",""text"":""EV high-voltage precautions""}]","Hard to find: EV troubleshooting, BMS, EV high-voltage precautions.",YES,4,true,Y02,"KaushalSetu synthetic generator v2, seed 20260929",2026-09-28T12:00:00+05:30,"SYNTHETIC demo data (KaushalSetu SIH prototype): fictional entities, team-assumed numbers, not real or official statistics.",true
ca1c09f5-8e20-578f-b47d-2e7ba24a598e,3279c38b-cd9b-5a66-b557-a1694588e03b,05d7354b-c53f-5e04-95e5-eb977f8c1379,EV service workshop,SMALL,WEB,en,true,2025-10-05T15:45:00+05:30,"[{""count"":6,""role_id"":""45a4b4a2-7e42-55f6-933d-be42ed3a5b81"",""role_text"":""EV Service Technician"",""timeframe_months"":12},{""count"":2,""role_id"":""19cab99e-6d9d-55f2-8e67-70f21663603e"",""role_text"":""EV Charger Installation Technician"",""timeframe_months"":12}]","[{""skill_id"":""f0af4a4e-db42-51ed-87e3-58e26be3ece6"",""text"":""EV Diagnostics""},{""skill_id"":""a839ef92-1395-54fb-b1cf-f0402a1eb876"",""text"":""battery testing""},{""skill_id"":""aceccee2-272c-51f4-9894-7cda2515bace"",""text"":""HV safety""}]","Hard to find: EV Diagnostics, battery testing, HV safety.",YES,4,true,Y02,"KaushalSetu synthetic generator v2, seed 20260929",2026-09-28T12:00:00+05:30,"SYNTHETIC demo data (KaushalSetu SIH prototype): fictional entities, team-assumed numbers, not real or official statistics.",true
1d19ed46-259f-5f07-983e-80c0f5360ac5,3279c38b-cd9b-5a66-b557-a1694588e03b,05d7354b-c53f-5e04-95e5-eb977f8c1379,EV service workshop,SMALL,TELEGRAM,en,true,2026-01-23T14:15:00+05:30,"[{""count"":7,""role_id"":""45a4b4a2-7e42-55f6-933d-be42ed3a5b81"",""role_text"":""EV Service Technician"",""timeframe_months"":12},{""count"":2,""role_id"":""19cab99e-6d9d-55f2-8e67-70f21663603e"",""role_text"":""EV Charger Installation Technician"",""timeframe_months"":12}]","[{""skill_id"":""f0af4a4e-db42-51ed-87e3-58e26be3ece6"",""text"":""electric vehicle diagnostics""},{""skill_id"":""a839ef92-1395-54fb-b1cf-f0402a1eb876"",""text"":""BMS""},{""skill_id"":""aceccee2-272c-51f4-9894-7cda2515bace"",""text"":""HV safety""}]","Hard to find: electric vehicle diagnostics, BMS, HV safety.",YES,4,true,Y02,"KaushalSetu synthetic generator v2, seed 20260929",2026-09-28T12:00:00+05:30,"SYNTHETIC demo data (KaushalSetu SIH prototype): fictional entities, team-assumed numbers, not real or official statistics.",true
20a31ea1-0d33-544d-895c-411ea0d90117,3279c38b-cd9b-5a66-b557-a1694588e03b,05d7354b-c53f-5e04-95e5-eb977f8c1379,EV service workshop,SMALL,WHATSAPP,en,true,2026-05-18T18:30:00+05:30,"[{""count"":9,""role_id"":""45a4b4a2-7e42-55f6-933d-be42ed3a5b81"",""role_text"":""EV Service Technician"",""timeframe_months"":12},{""count"":3,""role_id"":""19cab99e-6d9d-55f2-8e67-70f21663603e"",""role_text"":""EV Charger Installation Technician"",""timeframe_months"":12}]","[{""skill_id"":""f0af4a4e-db42-51ed-87e3-58e26be3ece6"",""text"":""EV troubleshooting""},{""skill_id"":""a839ef92-1395-54fb-b1cf-f0402a1eb876"",""text"":""battery management system""},{""skill_id"":""aceccee2-272c-51f4-9894-7cda2515bace"",""text"":""EV high-voltage precautions""}]","Hard to find: EV troubleshooting, battery management system, EV high-voltage precautions.",YES,4,true,Y02,"KaushalSetu synthetic generator v2, seed 20260929",2026-09-28T12:00:00+05:30,"SYNTHETIC demo data (KaushalSetu SIH prototype): fictional entities, team-assumed numbers, not real or official statistics.",true
c3742c8b-1ee1-5ca2-b364-de7557ed53ff,3279c38b-cd9b-5a66-b557-a1694588e03b,05d7354b-c53f-5e04-95e5-eb977f8c1379,EV service workshop,SMALL,WHATSAPP,en,true,2026-07-15T11:00:00+05:30,"[{""count"":10,""role_id"":""45a4b4a2-7e42-55f6-933d-be42ed3a5b81"",""role_text"":""EV Service Technician"",""timeframe_months"":12},{""count"":3,""role_id"":""19cab99e-6d9d-55f2-8e67-70f21663603e"",""role_text"":""EV Charger Installation Technician"",""timeframe_months"":12}]","[{""skill_id"":""f0af4a4e-db42-51ed-87e3-58e26be3ece6"",""text"":""electric vehicle diagnostics""},{""skill_id"":""a839ef92-1395-54fb-b1cf-f0402a1eb876"",""text"":""battery testing""},{""skill_id"":""aceccee2-272c-51f4-9894-7cda2515bace"",""text"":""High-Voltage Safety""}]","Hard to find: electric vehicle diagnostics, battery testing, High-Voltage Safety.",YES,4,true,Y02,"KaushalSetu synthetic generator v2, seed 20260929",2026-09-28T12:00:00+05:30,"SYNTHETIC demo data (KaushalSetu SIH prototype): fictional entities, team-assumed numbers, not real or official statistics.",true
d6e4fecb-0a17-504c-8b73-3957181f7cc7,eeaa9e8e-169f-5cf5-9a5a-062372622489,05d7354b-c53f-5e04-95e5-eb977f8c1379,EV charging network operator,MEDIUM,WEB,en,true,2025-05-03T13:45:00+05:30,"[{""count"":3,""role_id"":""19cab99e-6d9d-55f2-8e67-70f21663603e"",""role_text"":""EV Charger Installation Technician"",""timeframe_months"":12}]","[{""skill_id"":""a81a6b02-0664-5e71-b730-da8e67473011"",""text"":""EV charger installation""}]",Hard to find: EV charger installation.,YES,5,true,Y02,"KaushalSetu synthetic generator v2, seed 20260929",2026-09-28T12:00:00+05:30,"SYNTHETIC demo data (KaushalSetu SIH prototype): fictional entities, team-assumed numbers, not real or official statistics.",true
e0be4b3b-b741-505e-a797-adb179782eb6,eeaa9e8e-169f-5cf5-9a5a-062372622489,05d7354b-c53f-5e04-95e5-eb977f8c1379,EV charging network operator,MEDIUM,PHONE,en,true,2025-09-08T10:30:00+05:30,"[{""count"":4,""role_id"":""19cab99e-6d9d-55f2-8e67-70f21663603e"",""role_text"":""EV Charger Installation Technician"",""timeframe_months"":12}]","[{""skill_id"":""a81a6b02-0664-5e71-b730-da8e67473011"",""text"":""EV charger""}]",Hard to find: EV charger.,YES,5,true,Y02,"KaushalSetu synthetic generator v2, seed 20260929",2026-09-28T12:00:00+05:30,"SYNTHETIC demo data (KaushalSetu SIH prototype): fictional entities, team-assumed numbers, not real or official statistics.",true
5218431e-6890-5fb9-be1a-31615c139605,eeaa9e8e-169f-5cf5-9a5a-062372622489,05d7354b-c53f-5e04-95e5-eb977f8c1379,EV charging network operator,MEDIUM,WHATSAPP,en,true,2025-10-30T16:00:00+05:30,"[{""count"":5,""role_id"":""19cab99e-6d9d-55f2-8e67-70f21663603e"",""role_text"":""EV Charger Installation Technician"",""timeframe_months"":12}]","[{""skill_id"":""a81a6b02-0664-5e71-b730-da8e67473011"",""text"":""EV charging station installation""},{""skill_id"":""96e0656b-71f0-5ac1-b138-404f9c466e52"",""text"":""megger testing""}]","Hard to find: EV charging station installation, megger testing.",YES,5,true,Y02,"KaushalSetu synthetic generator v2, seed 20260929",2026-09-28T12:00:00+05:30,"SYNTHETIC demo data (KaushalSetu SIH prototype): fictional entities, team-assumed numbers, not real or official statistics.",true
63ce1768-c078-5a1c-93d3-d039c2590e57,eeaa9e8e-169f-5cf5-9a5a-062372622489,05d7354b-c53f-5e04-95e5-eb977f8c1379,EV charging network operator,MEDIUM,WEB,en,true,2026-01-23T18:15:00+05:30,"[{""count"":7,""role_id"":""19cab99e-6d9d-55f2-8e67-70f21663603e"",""role_text"":""EV Charger Installation Technician"",""timeframe_months"":12}]","[{""skill_id"":""a81a6b02-0664-5e71-b730-da8e67473011"",""text"":""EV charging station installation""},{""skill_id"":""96e0656b-71f0-5ac1-b138-404f9c466e52"",""text"":""megger testing""}]","Hard to find: EV charging station installation, megger testing.",YES,5,true,Y02,"KaushalSetu synthetic generator v2, seed 20260929",2026-09-28T12:00:00+05:30,"SYNTHETIC demo data (KaushalSetu SIH prototype): fictional entities, team-assumed numbers, not real or official statistics.",true
c950e2d6-5894-5c22-a18f-792173c2a6df,eeaa9e8e-169f-5cf5-9a5a-062372622489,05d7354b-c53f-5e04-95e5-eb977f8c1379,EV charging network operator,MEDIUM,WEB,en,true,2026-06-23T12:30:00+05:30,"[{""count"":8,""role_id"":""19cab99e-6d9d-55f2-8e67-70f21663603e"",""role_text"":""EV Charger Installation Technician"",""timeframe_months"":12}]","[{""skill_id"":""a81a6b02-0664-5e71-b730-da8e67473011"",""text"":""EV Charging Systems""},{""skill_id"":""96e0656b-71f0-5ac1-b138-404f9c466e52"",""text"":""multimeter use""}]","Hard to find: EV Charging Systems, multimeter use.",YES,5,true,Y02,"KaushalSetu synthetic generator v2, seed 20260929",2026-09-28T12:00:00+05:30,"SYNTHETIC demo data (KaushalSetu SIH prototype): fictional entities, team-assumed numbers, not real or official statistics.",true
0c32b44e-9431-52b8-9295-c167bff28cf5,eeaa9e8e-169f-5cf5-9a5a-062372622489,05d7354b-c53f-5e04-95e5-eb977f8c1379,EV charging network operator,MEDIUM,WEB,en,true,2026-08-30T13:15:00+05:30,"[{""count"":9,""role_id"":""19cab99e-6d9d-55f2-8e67-70f21663603e"",""role_text"":""EV Charger Installation Technician"",""timeframe_months"":12}]","[{""skill_id"":""a81a6b02-0664-5e71-b730-da8e67473011"",""text"":""EV Charging Systems""},{""skill_id"":""96e0656b-71f0-5ac1-b138-404f9c466e52"",""text"":""insulation resistance testing""}]","Hard to find: EV Charging Systems, insulation resistance testing.",YES,5,true,Y02,"KaushalSetu synthetic generator v2, seed 20260929",2026-09-28T12:00:00+05:30,"SYNTHETIC demo data (KaushalSetu SIH prototype): fictional entities, team-assumed numbers, not real or official statistics.",true
5092e327-c148-52bb-b736-7daa1664a8c0,0ea66e99-de75-54f1-ae1c-04860fbff6f2,05d7354b-c53f-5e04-95e5-eb977f8c1379,Electrical contracting,SMALL,PHONE,hi,true,2025-06-16T15:15:00+05:30,"[{""count"":5,""role_id"":""c7df5212-ab60-5561-aa36-9acc415e9b5b"",""role_text"":""इलेक्ट्रीशियन"",""timeframe_months"":12},{""count"":2,""role_id"":""2f571be3-597c-576f-8dbd-e8baff7c9dfe"",""role_text"":""वायरमैन"",""timeframe_months"":12}]","[{""skill_id"":""8ef0b61f-e058-55ff-b569-058bf9c2611a"",""text"":""बिजली वायरिंग""},{""skill_id"":""a78a7efa-aee5-51c7-bdf4-1d6222e68e23"",""text"":""Control Panel Wiring""}]","मुश्किल से मिलने वाले कौशल: बिजली वायरिंग, Control Panel Wiring।",MAYBE,2,true,Y02,"KaushalSetu synthetic generator v2, seed 20260929",2026-09-28T12:00:00+05:30,"SYNTHETIC demo data (KaushalSetu SIH prototype): fictional entities, team-assumed numbers, not real or official statistics.",true
f79b9744-609c-540d-9135-897d43256d6f,0ea66e99-de75-54f1-ae1c-04860fbff6f2,05d7354b-c53f-5e04-95e5-eb977f8c1379,Electrical contracting,SMALL,WEB,hi,true,2025-09-17T16:30:00+05:30,"[{""count"":5,""role_id"":""c7df5212-ab60-5561-aa36-9acc415e9b5b"",""role_text"":""इलेक्ट्रीशियन"",""timeframe_months"":12},{""count"":2,""role_id"":""2f571be3-597c-576f-8dbd-e8baff7c9dfe"",""role_text"":""वायरमैन"",""timeframe_months"":12}]","[{""skill_id"":""8ef0b61f-e058-55ff-b569-058bf9c2611a"",""text"":""बिजली वायरिंग""},{""skill_id"":""a78a7efa-aee5-51c7-bdf4-1d6222e68e23"",""text"":""Control Panel Wiring""}]","मुश्किल से मिलने वाले कौशल: बिजली वायरिंग, Control Panel Wiring।",MAYBE,2,true,Y02,"KaushalSetu synthetic generator v2, seed 20260929",2026-09-28T12:00:00+05:30,"SYNTHETIC demo data (KaushalSetu SIH prototype): fictional entities, team-assumed numbers, not real or official statistics.",true
375fd374-078f-57fd-a4b7-60df8b9b9ace,0ea66e99-de75-54f1-ae1c-04860fbff6f2,05d7354b-c53f-5e04-95e5-eb977f8c1379,Electrical contracting,SMALL,WEB,hi,true,2025-11-14T14:30:00+05:30,"[{""count"":5,""role_id"":""c7df5212-ab60-5561-aa36-9acc415e9b5b"",""role_text"":""इलेक्ट्रीशियन"",""timeframe_months"":12},{""count"":2,""role_id"":""2f571be3-597c-576f-8dbd-e8baff7c9dfe"",""role_text"":""वायरमैन"",""timeframe_months"":12},{""count"":1,""role_id"":""19cab99e-6d9d-55f2-8e67-70f21663603e"",""role_text"":""ईवी चार्जर इंस्टॉलेशन तकनीशियन"",""timeframe_months"":12}]","[{""skill_id"":""8ef0b61f-e058-55ff-b569-058bf9c2611a"",""text"":""बिजली वायरिंग""},{""skill_id"":""a78a7efa-aee5-51c7-bdf4-1d6222e68e23"",""text"":""Control Panel Wiring""}]","मुश्किल से मिलने वाले कौशल: बिजली वायरिंग, Control Panel Wiring।",MAYBE,2,true,Y02,"KaushalSetu synthetic generator v2, seed 20260929",2026-09-28T12:00:00+05:30,"SYNTHETIC demo data (KaushalSetu SIH prototype): fictional entities, team-assumed numbers, not real or official statistics.",true
3057d147-e423-5644-830f-5f4dd5e1a128,0ea66e99-de75-54f1-ae1c-04860fbff6f2,05d7354b-c53f-5e04-95e5-eb977f8c1379,Electrical contracting,SMALL,WEB,hi,true,2026-02-15T09:15:00+05:30,"[{""count"":5,""role_id"":""c7df5212-ab60-5561-aa36-9acc415e9b5b"",""role_text"":""इलेक्ट्रीशियन"",""timeframe_months"":12},{""count"":2,""role_id"":""2f571be3-597c-576f-8dbd-e8baff7c9dfe"",""role_text"":""वायरमैन"",""timeframe_months"":12},{""count"":1,""role_id"":""19cab99e-6d9d-55f2-8e67-70f21663603e"",""role_text"":""ईवी चार्जर इंस्टॉलेशन तकनीशियन"",""timeframe_months"":12}]","[{""skill_id"":""8ef0b61f-e058-55ff-b569-058bf9c2611a"",""text"":""बिजली वायरिंग""},{""skill_id"":""a78a7efa-aee5-51c7-bdf4-1d6222e68e23"",""text"":""Control Panel Wiring""},{""skill_id"":""a81a6b02-0664-5e71-b730-da8e67473011"",""text"":""ईवी चार्जर लगाना""}]","मुश्किल से मिलने वाले कौशल: बिजली वायरिंग, Control Panel Wiring, ईवी चार्जर लगाना।",MAYBE,2,true,Y02,"KaushalSetu synthetic generator v2, seed 20260929",2026-09-28T12:00:00+05:30,"SYNTHETIC demo data (KaushalSetu SIH prototype): fictional entities, team-assumed numbers, not real or official statistics.",true
54d1c059-9963-58fc-b585-c0c1b2accadf,0ea66e99-de75-54f1-ae1c-04860fbff6f2,05d7354b-c53f-5e04-95e5-eb977f8c1379,Electrical contracting,SMALL,WEB,hi,true,2026-04-14T14:45:00+05:30,"[{""count"":5,""role_id"":""c7df5212-ab60-5561-aa36-9acc415e9b5b"",""role_text"":""इलेक्ट्रीशियन"",""timeframe_months"":12},{""count"":2,""role_id"":""2f571be3-597c-576f-8dbd-e8baff7c9dfe"",""role_text"":""वायरमैन"",""timeframe_months"":12},{""count"":2,""role_id"":""19cab99e-6d9d-55f2-8e67-70f21663603e"",""role_text"":""ईवी चार्जर इंस्टॉलेशन तकनीशियन"",""timeframe_months"":12}]","[{""skill_id"":""8ef0b61f-e058-55ff-b569-058bf9c2611a"",""text"":""बिजली वायरिंग""},{""skill_id"":""a78a7efa-aee5-51c7-bdf4-1d6222e68e23"",""text"":""Control Panel Wiring""},{""skill_id"":""a81a6b02-0664-5e71-b730-da8e67473011"",""text"":""ईवी चार्जर लगाना""}]","मुश्किल से मिलने वाले कौशल: बिजली वायरिंग, Control Panel Wiring, ईवी चार्जर लगाना।",MAYBE,2,true,Y02,"KaushalSetu synthetic generator v2, seed 20260929",2026-09-28T12:00:00+05:30,"SYNTHETIC demo data (KaushalSetu SIH prototype): fictional entities, team-assumed numbers, not real or official statistics.",true
3bd67a62-857f-5956-8a0e-55e299dee90b,0ea66e99-de75-54f1-ae1c-04860fbff6f2,05d7354b-c53f-5e04-95e5-eb977f8c1379,Electrical contracting,SMALL,WHATSAPP,hi,true,2026-07-11T12:45:00+05:30,"[{""count"":5,""role_id"":""c7df5212-ab60-5561-aa36-9acc415e9b5b"",""role_text"":""इलेक्ट्रीशियन"",""timeframe_months"":12},{""count"":2,""role_id"":""2f571be3-597c-576f-8dbd-e8baff7c9dfe"",""role_text"":""वायरमैन"",""timeframe_months"":12},{""count"":2,""role_id"":""19cab99e-6d9d-55f2-8e67-70f21663603e"",""role_text"":""ईवी चार्जर इंस्टॉलेशन तकनीशियन"",""timeframe_months"":12}]","[{""skill_id"":""8ef0b61f-e058-55ff-b569-058bf9c2611a"",""text"":""बिजली वायरिंग""},{""skill_id"":""a78a7efa-aee5-51c7-bdf4-1d6222e68e23"",""text"":""Control Panel Wiring""},{""skill_id"":""a81a6b02-0664-5e71-b730-da8e67473011"",""text"":""ईवी चार्जर लगाना""}]","मुश्किल से मिलने वाले कौशल: बिजली वायरिंग, Control Panel Wiring, ईवी चार्जर लगाना।",MAYBE,2,true,Y02,"KaushalSetu synthetic generator v2, seed 20260929",2026-09-28T12:00:00+05:30,"SYNTHETIC demo data (KaushalSetu SIH prototype): fictional entities, team-assumed numbers, not real or official statistics.",true
0aa153f4-9eee-5267-9b80-0923a6010001,779cbcc5-b042-595e-98de-03c1ff54ac17,05d7354b-c53f-5e04-95e5-eb977f8c1379,Solar EPC contractor,MEDIUM,WHATSAPP,en,true,2025-06-05T13:00:00+05:30,"[{""count"":3,""role_id"":""608cbacd-5b75-535a-92f4-6a1d0aa606f5"",""role_text"":""Solar PV Installer"",""timeframe_months"":12},{""count"":1,""role_id"":""b943fcf7-9b8c-5261-907f-3a3ad77dfba0"",""role_text"":""Solar Service Technician"",""timeframe_months"":12}]","[{""skill_id"":""2a20981d-4161-5d60-a95d-5152cbed8f9c"",""text"":""Solar PV Installation""},{""skill_id"":""650f9a63-4d9b-568e-b619-5e9b28f26f84"",""text"":""grid-tie inverter servicing""}]","Hard to find: Solar PV Installation, grid-tie inverter servicing.",YES,4,true,Y02,"KaushalSetu synthetic generator v2, seed 20260929",2026-09-28T12:00:00+05:30,"SYNTHETIC demo data (KaushalSetu SIH prototype): fictional entities, team-assumed numbers, not real or official statistics.",true
cc7ec135-62be-5bc5-bd0c-280569261c8d,779cbcc5-b042-595e-98de-03c1ff54ac17,05d7354b-c53f-5e04-95e5-eb977f8c1379,Solar EPC contractor,MEDIUM,PHONE,en,true,2025-09-16T09:15:00+05:30,"[{""count"":4,""role_id"":""608cbacd-5b75-535a-92f4-6a1d0aa606f5"",""role_text"":""Solar PV Installer"",""timeframe_months"":12},{""count"":1,""role_id"":""b943fcf7-9b8c-5261-907f-3a3ad77dfba0"",""role_text"":""Solar Service Technician"",""timeframe_months"":12}]","[{""skill_id"":""2a20981d-4161-5d60-a95d-5152cbed8f9c"",""text"":""Solar PV Installation""},{""skill_id"":""650f9a63-4d9b-568e-b619-5e9b28f26f84"",""text"":""inverter maintenance""}]","Hard to find: Solar PV Installation, inverter maintenance.",YES,4,true,Y02,"KaushalSetu synthetic generator v2, seed 20260929",2026-09-28T12:00:00+05:30,"SYNTHETIC demo data (KaushalSetu SIH prototype): fictional entities, team-assumed numbers, not real or official statistics.",true
a84ec9a2-fcac-59e9-991a-c996df36d5c5,779cbcc5-b042-595e-98de-03c1ff54ac17,05d7354b-c53f-5e04-95e5-eb977f8c1379,Solar EPC contractor,MEDIUM,WEB,en,true,2025-10-30T09:15:00+05:30,"[{""count"":5,""role_id"":""608cbacd-5b75-535a-92f4-6a1d0aa606f5"",""role_text"":""Solar PV Installer"",""timeframe_months"":12},{""count"":2,""role_id"":""b943fcf7-9b8c-5261-907f-3a3ad77dfba0"",""role_text"":""Solar Service Technician"",""timeframe_months"":12}]","[{""skill_id"":""2a20981d-4161-5d60-a95d-5152cbed8f9c"",""text"":""rooftop solar installation""},{""skill_id"":""650f9a63-4d9b-568e-b619-5e9b28f26f84"",""text"":""inverter maintenance""}]","Hard to find: rooftop solar installation, inverter maintenance.",YES,4,true,Y02,"KaushalSetu synthetic generator v2, seed 20260929",2026-09-28T12:00:00+05:30,"SYNTHETIC demo data (KaushalSetu SIH prototype): fictional entities, team-assumed numbers, not real or official statistics.",true
bf7556a9-2d4d-5da1-97ae-761e68958e53,779cbcc5-b042-595e-98de-03c1ff54ac17,05d7354b-c53f-5e04-95e5-eb977f8c1379,Solar EPC contractor,MEDIUM,WEB,en,true,2026-01-05T11:00:00+05:30,"[{""count"":5,""role_id"":""608cbacd-5b75-535a-92f4-6a1d0aa606f5"",""role_text"":""Solar PV Installer"",""timeframe_months"":12},{""count"":2,""role_id"":""b943fcf7-9b8c-5261-907f-3a3ad77dfba0"",""role_text"":""Solar Service Technician"",""timeframe_months"":12}]","[{""skill_id"":""2a20981d-4161-5d60-a95d-5152cbed8f9c"",""text"":""rooftop solar installation""},{""skill_id"":""650f9a63-4d9b-568e-b619-5e9b28f26f84"",""text"":""solar inverter repair""}]","Hard to find: rooftop solar installation, solar inverter repair.",YES,4,true,Y02,"KaushalSetu synthetic generator v2, seed 20260929",2026-09-28T12:00:00+05:30,"SYNTHETIC demo data (KaushalSetu SIH prototype): fictional entities, team-assumed numbers, not real or official statistics.",true
15550caa-c27b-5bec-a135-205043283070,779cbcc5-b042-595e-98de-03c1ff54ac17,05d7354b-c53f-5e04-95e5-eb977f8c1379,Solar EPC contractor,MEDIUM,WHATSAPP,en,true,2026-06-18T18:15:00+05:30,"[{""count"":6,""role_id"":""608cbacd-5b75-535a-92f4-6a1d0aa606f5"",""role_text"":""Solar PV Installer"",""timeframe_months"":12},{""count"":3,""role_id"":""b943fcf7-9b8c-5261-907f-3a3ad77dfba0"",""role_text"":""Solar Service Technician"",""timeframe_months"":12}]","[{""skill_id"":""2a20981d-4161-5d60-a95d-5152cbed8f9c"",""text"":""PV module mounting""},{""skill_id"":""650f9a63-4d9b-568e-b619-5e9b28f26f84"",""text"":""solar inverter repair""}]","Hard to find: PV module mounting, solar inverter repair.",YES,4,true,Y02,"KaushalSetu synthetic generator v2, seed 20260929",2026-09-28T12:00:00+05:30,"SYNTHETIC demo data (KaushalSetu SIH prototype): fictional entities, team-assumed numbers, not real or official statistics.",true
73b11f03-837b-54c8-993b-59a936bffbf3,779cbcc5-b042-595e-98de-03c1ff54ac17,05d7354b-c53f-5e04-95e5-eb977f8c1379,Solar EPC contractor,MEDIUM,PHONE,en,true,2026-09-23T09:15:00+05:30,"[{""count"":7,""role_id"":""608cbacd-5b75-535a-92f4-6a1d0aa606f5"",""role_text"":""Solar PV Installer"",""timeframe_months"":12},{""count"":3,""role_id"":""b943fcf7-9b8c-5261-907f-3a3ad77dfba0"",""role_text"":""Solar Service Technician"",""timeframe_months"":12}]","[{""skill_id"":""2a20981d-4161-5d60-a95d-5152cbed8f9c"",""text"":""solar panel installation""},{""skill_id"":""650f9a63-4d9b-568e-b619-5e9b28f26f84"",""text"":""inverter maintenance""}]","Hard to find: solar panel installation, inverter maintenance.",YES,4,true,Y02,"KaushalSetu synthetic generator v2, seed 20260929",2026-09-28T12:00:00+05:30,"SYNTHETIC demo data (KaushalSetu SIH prototype): fictional entities, team-assumed numbers, not real or official statistics.",true
3abdfac8-0248-5b96-89d6-0b0e5aa0ad58,01013bf4-3540-5578-ae29-98db727de7bb,944d9d62-c375-5e41-8420-b65a108a0a38,Electrical contracting,MEDIUM,TELEGRAM,hi,true,2025-05-14T12:45:00+05:30,"[{""count"":5,""role_id"":""c7df5212-ab60-5561-aa36-9acc415e9b5b"",""role_text"":""इलेक्ट्रीशियन"",""timeframe_months"":12},{""count"":3,""role_id"":""2f571be3-597c-576f-8dbd-e8baff7c9dfe"",""role_text"":""वायरमैन"",""timeframe_months"":12}]","[{""skill_id"":""8ef0b61f-e058-55ff-b569-058bf9c2611a"",""text"":""बिजली वायरिंग""},{""skill_id"":""7e6124ac-bc49-5c38-a1d9-1ee974ba0c90"",""text"":""Cable Laying and Termination""}]","मुश्किल से मिलने वाले कौशल: बिजली वायरिंग, Cable Laying and Termination।",MAYBE,3,true,Y02,"KaushalSetu synthetic generator v2, seed 20260929",2026-09-28T12:00:00+05:30,"SYNTHETIC demo data (KaushalSetu SIH prototype): fictional entities, team-assumed numbers, not real or official statistics.",true
836fcf2e-8acd-569e-af60-89164dc31c75,01013bf4-3540-5578-ae29-98db727de7bb,944d9d62-c375-5e41-8420-b65a108a0a38,Electrical contracting,MEDIUM,WHATSAPP,hi,true,2025-07-25T12:15:00+05:30,"[{""count"":5,""role_id"":""c7df5212-ab60-5561-aa36-9acc415e9b5b"",""role_text"":""इलेक्ट्रीशियन"",""timeframe_months"":12},{""count"":3,""role_id"":""2f571be3-597c-576f-8dbd-e8baff7c9dfe"",""role_text"":""वायरमैन"",""timeframe_months"":12}]","[{""skill_id"":""8ef0b61f-e058-55ff-b569-058bf9c2611a"",""text"":""बिजली वायरिंग""},{""skill_id"":""7e6124ac-bc49-5c38-a1d9-1ee974ba0c90"",""text"":""Cable Laying and Termination""}]","मुश्किल से मिलने वाले कौशल: बिजली वायरिंग, Cable Laying and Termination।",MAYBE,3,true,Y02,"KaushalSetu synthetic generator v2, seed 20260929",2026-09-28T12:00:00+05:30,"SYNTHETIC demo data (KaushalSetu SIH prototype): fictional entities, team-assumed numbers, not real or official statistics.",true
ac971c5b-89b4-59ad-865d-4d5845534e3b,01013bf4-3540-5578-ae29-98db727de7bb,944d9d62-c375-5e41-8420-b65a108a0a38,Electrical contracting,MEDIUM,PHONE,hi,true,2025-12-20T12:00:00+05:30,"[{""count"":5,""role_id"":""c7df5212-ab60-5561-aa36-9acc415e9b5b"",""role_text"":""इलेक्ट्रीशियन"",""timeframe_months"":12},{""count"":3,""role_id"":""2f571be3-597c-576f-8dbd-e8baff7c9dfe"",""role_text"":""वायरमैन"",""timeframe_months"":12}]","[{""skill_id"":""8ef0b61f-e058-55ff-b569-058bf9c2611a"",""text"":""बिजली वायरिंग""},{""skill_id"":""7e6124ac-bc49-5c38-a1d9-1ee974ba0c90"",""text"":""Cable Laying and Termination""}]","मुश्किल से मिलने वाले कौशल: बिजली वायरिंग, Cable Laying and Termination।",MAYBE,3,true,Y02,"KaushalSetu synthetic generator v2, seed 20260929",2026-09-28T12:00:00+05:30,"SYNTHETIC demo data (KaushalSetu SIH prototype): fictional entities, team-assumed numbers, not real or official statistics.",true
09c09934-9f7d-58b6-b166-bd1acee97f47,01013bf4-3540-5578-ae29-98db727de7bb,944d9d62-c375-5e41-8420-b65a108a0a38,Electrical contracting,MEDIUM,WEB,hi,true,2026-03-09T09:30:00+05:30,"[{""count"":5,""role_id"":""c7df5212-ab60-5561-aa36-9acc415e9b5b"",""role_text"":""इलेक्ट्रीशियन"",""timeframe_months"":12},{""count"":3,""role_id"":""2f571be3-597c-576f-8dbd-e8baff7c9dfe"",""role_text"":""वायरमैन"",""timeframe_months"":12}]","[{""skill_id"":""8ef0b61f-e058-55ff-b569-058bf9c2611a"",""text"":""बिजली वायरिंग""},{""skill_id"":""7e6124ac-bc49-5c38-a1d9-1ee974ba0c90"",""text"":""Cable Laying and Termination""}]","मुश्किल से मिलने वाले कौशल: बिजली वायरिंग, Cable Laying and Termination।",MAYBE,3,true,Y02,"KaushalSetu synthetic generator v2, seed 20260929",2026-09-28T12:00:00+05:30,"SYNTHETIC demo data (KaushalSetu SIH prototype): fictional entities, team-assumed numbers, not real or official statistics.",true
8f460fce-8726-599c-81f4-9ebd5fb9e168,01013bf4-3540-5578-ae29-98db727de7bb,944d9d62-c375-5e41-8420-b65a108a0a38,Electrical contracting,MEDIUM,WEB,hi,true,2026-05-26T11:30:00+05:30,"[{""count"":5,""role_id"":""c7df5212-ab60-5561-aa36-9acc415e9b5b"",""role_text"":""इलेक्ट्रीशियन"",""timeframe_months"":12},{""count"":3,""role_id"":""2f571be3-597c-576f-8dbd-e8baff7c9dfe"",""role_text"":""वायरमैन"",""timeframe_months"":12}]","[{""skill_id"":""8ef0b61f-e058-55ff-b569-058bf9c2611a"",""text"":""बिजली वायरिंग""},{""skill_id"":""7e6124ac-bc49-5c38-a1d9-1ee974ba0c90"",""text"":""Cable Laying and Termination""}]","मुश्किल से मिलने वाले कौशल: बिजली वायरिंग, Cable Laying and Termination।",MAYBE,3,true,Y02,"KaushalSetu synthetic generator v2, seed 20260929",2026-09-28T12:00:00+05:30,"SYNTHETIC demo data (KaushalSetu SIH prototype): fictional entities, team-assumed numbers, not real or official statistics.",true
cb8f5293-f3e9-5461-9060-4e2e829c6558,01013bf4-3540-5578-ae29-98db727de7bb,944d9d62-c375-5e41-8420-b65a108a0a38,Electrical contracting,MEDIUM,WHATSAPP,hi,true,2026-09-21T17:30:00+05:30,"[{""count"":5,""role_id"":""c7df5212-ab60-5561-aa36-9acc415e9b5b"",""role_text"":""इलेक्ट्रीशियन"",""timeframe_months"":12},{""count"":3,""role_id"":""2f571be3-597c-576f-8dbd-e8baff7c9dfe"",""role_text"":""वायरमैन"",""timeframe_months"":12}]","[{""skill_id"":""8ef0b61f-e058-55ff-b569-058bf9c2611a"",""text"":""बिजली वायरिंग""},{""skill_id"":""7e6124ac-bc49-5c38-a1d9-1ee974ba0c90"",""text"":""Cable Laying and Termination""}]","मुश्किल से मिलने वाले कौशल: बिजली वायरिंग, Cable Laying and Termination।",MAYBE,3,true,Y02,"KaushalSetu synthetic generator v2, seed 20260929",2026-09-28T12:00:00+05:30,"SYNTHETIC demo data (KaushalSetu SIH prototype): fictional entities, team-assumed numbers, not real or official statistics.",true
45185c56-de42-52fc-9d7d-0411519a2a7b,57e05900-a755-5fc2-a213-b12302cf9ed2,944d9d62-c375-5e41-8420-b65a108a0a38,Solar EPC contractor,SMALL,WHATSAPP,en,true,2025-04-11T10:45:00+05:30,"[{""count"":3,""role_id"":""608cbacd-5b75-535a-92f4-6a1d0aa606f5"",""role_text"":""Solar PV Installer"",""timeframe_months"":12},{""count"":1,""role_id"":""b943fcf7-9b8c-5261-907f-3a3ad77dfba0"",""role_text"":""Solar Service Technician"",""timeframe_months"":12}]","[{""skill_id"":""2a20981d-4161-5d60-a95d-5152cbed8f9c"",""text"":""Solar PV Installation""},{""skill_id"":""91acb70e-5f82-5058-a31e-34af08f6695f"",""text"":""height safety""}]","Hard to find: Solar PV Installation, height safety.",YES,2,true,Y02,"KaushalSetu synthetic generator v2, seed 20260929",2026-09-28T12:00:00+05:30,"SYNTHETIC demo data (KaushalSetu SIH prototype): fictional entities, team-assumed numbers, not real or official statistics.",true
3707f574-c5de-5fcd-a23e-7f31b0b0e036,57e05900-a755-5fc2-a213-b12302cf9ed2,944d9d62-c375-5e41-8420-b65a108a0a38,Solar EPC contractor,SMALL,WEB,en,true,2025-09-02T16:45:00+05:30,"[{""count"":3,""role_id"":""608cbacd-5b75-535a-92f4-6a1d0aa606f5"",""role_text"":""Solar PV Installer"",""timeframe_months"":12},{""count"":1,""role_id"":""b943fcf7-9b8c-5261-907f-3a3ad77dfba0"",""role_text"":""Solar Service Technician"",""timeframe_months"":12}]","[{""skill_id"":""2a20981d-4161-5d60-a95d-5152cbed8f9c"",""text"":""Solar PV Installation""},{""skill_id"":""91acb70e-5f82-5058-a31e-34af08f6695f"",""text"":""safety harness use""}]","Hard to find: Solar PV Installation, safety harness use.",YES,2,true,Y02,"KaushalSetu synthetic generator v2, seed 20260929",2026-09-28T12:00:00+05:30,"SYNTHETIC demo data (KaushalSetu SIH prototype): fictional entities, team-assumed numbers, not real or official statistics.",true
88b2eebb-5c3c-5751-8371-9c1641f9bd49,57e05900-a755-5fc2-a213-b12302cf9ed2,944d9d62-c375-5e41-8420-b65a108a0a38,Solar EPC contractor,SMALL,TELEGRAM,en,true,2025-11-23T10:15:00+05:30,"[{""count"":3,""role_id"":""608cbacd-5b75-535a-92f4-6a1d0aa606f5"",""role_text"":""Solar PV Installer"",""timeframe_months"":12},{""count"":1,""role_id"":""b943fcf7-9b8c-5261-907f-3a3ad77dfba0"",""role_text"":""Solar Service Technician"",""timeframe_months"":12}]","[{""skill_id"":""2a20981d-4161-5d60-a95d-5152cbed8f9c"",""text"":""rooftop solar installation""},{""skill_id"":""91acb70e-5f82-5058-a31e-34af08f6695f"",""text"":""Working at Height Safety""}]","Hard to find: rooftop solar installation, Working at Height Safety.",YES,2,true,Y02,"KaushalSetu synthetic generator v2, seed 20260929",2026-09-28T12:00:00+05:30,"SYNTHETIC demo data (KaushalSetu SIH prototype): fictional entities, team-assumed numbers, not real or official statistics.",true
45d82e59-20c4-54bd-b653-e87ab57f3017,57e05900-a755-5fc2-a213-b12302cf9ed2,944d9d62-c375-5e41-8420-b65a108a0a38,Solar EPC contractor,SMALL,WHATSAPP,en,true,2026-02-23T11:00:00+05:30,"[{""count"":4,""role_id"":""608cbacd-5b75-535a-92f4-6a1d0aa606f5"",""role_text"":""Solar PV Installer"",""timeframe_months"":12},{""count"":2,""role_id"":""b943fcf7-9b8c-5261-907f-3a3ad77dfba0"",""role_text"":""Solar Service Technician"",""timeframe_months"":12}]","[{""skill_id"":""2a20981d-4161-5d60-a95d-5152cbed8f9c"",""text"":""rooftop solar installation""},{""skill_id"":""91acb70e-5f82-5058-a31e-34af08f6695f"",""text"":""safety harness use""}]","Hard to find: rooftop solar installation, safety harness use.",YES,2,true,Y02,"KaushalSetu synthetic generator v2, seed 20260929",2026-09-28T12:00:00+05:30,"SYNTHETIC demo data (KaushalSetu SIH prototype): fictional entities, team-assumed numbers, not real or official statistics.",true
ffe63df5-c286-5e9d-9fff-838edeed1d1c,57e05900-a755-5fc2-a213-b12302cf9ed2,944d9d62-c375-5e41-8420-b65a108a0a38,Solar EPC contractor,SMALL,WHATSAPP,en,true,2026-04-13T10:00:00+05:30,"[{""count"":4,""role_id"":""608cbacd-5b75-535a-92f4-6a1d0aa606f5"",""role_text"":""Solar PV Installer"",""timeframe_months"":12},{""count"":2,""role_id"":""b943fcf7-9b8c-5261-907f-3a3ad77dfba0"",""role_text"":""Solar Service Technician"",""timeframe_months"":12}]","[{""skill_id"":""2a20981d-4161-5d60-a95d-5152cbed8f9c"",""text"":""PV module mounting""},{""skill_id"":""91acb70e-5f82-5058-a31e-34af08f6695f"",""text"":""safety harness use""}]","Hard to find: PV module mounting, safety harness use.",YES,2,true,Y02,"KaushalSetu synthetic generator v2, seed 20260929",2026-09-28T12:00:00+05:30,"SYNTHETIC demo data (KaushalSetu SIH prototype): fictional entities, team-assumed numbers, not real or official statistics.",true
b8e5b4ab-7255-542b-b5a1-209cd61c67f6,57e05900-a755-5fc2-a213-b12302cf9ed2,944d9d62-c375-5e41-8420-b65a108a0a38,Solar EPC contractor,SMALL,WHATSAPP,en,true,2026-07-21T17:45:00+05:30,"[{""count"":4,""role_id"":""608cbacd-5b75-535a-92f4-6a1d0aa606f5"",""role_text"":""Solar PV Installer"",""timeframe_months"":12},{""count"":2,""role_id"":""b943fcf7-9b8c-5261-907f-3a3ad77dfba0"",""role_text"":""Solar Service Technician"",""timeframe_months"":12}]","[{""skill_id"":""2a20981d-4161-5d60-a95d-5152cbed8f9c"",""text"":""solar panel installation""},{""skill_id"":""91acb70e-5f82-5058-a31e-34af08f6695f"",""text"":""height safety""}]","Hard to find: solar panel installation, height safety.",YES,2,true,Y02,"KaushalSetu synthetic generator v2, seed 20260929",2026-09-28T12:00:00+05:30,"SYNTHETIC demo data (KaushalSetu SIH prototype): fictional entities, team-assumed numbers, not real or official statistics.",true
3b422962-e4dd-55de-978a-c6ef59f4c324,66d193ef-6fd9-51b9-9370-6f89e9a0e96b,944d9d62-c375-5e41-8420-b65a108a0a38,Motor repair workshop,MICRO,WEB,mr,true,2025-06-21T09:45:00+05:30,"[{""count"":2,""role_id"":""03766387-41ff-5119-95b7-86ce19e0d729"",""role_text"":""मोटर वाइंडर"",""timeframe_months"":12}]","[{""skill_id"":""3a7a7093-1c3d-5e15-94d0-dcbac3794d85"",""text"":""मोटर वाइंडिंग""}]",मिळायला कठीण कौशल्ये: मोटर वाइंडिंग.,NO,0,false,Y02,"KaushalSetu synthetic generator v2, seed 20260929",2026-09-28T12:00:00+05:30,"SYNTHETIC demo data (KaushalSetu SIH prototype): fictional entities, team-assumed numbers, not real or official statistics.",true
20b7f529-7398-5a8b-a8c9-fcb67d87985f,66d193ef-6fd9-51b9-9370-6f89e9a0e96b,944d9d62-c375-5e41-8420-b65a108a0a38,Motor repair workshop,MICRO,WEB,mr,true,2025-09-24T09:45:00+05:30,"[{""count"":2,""role_id"":""03766387-41ff-5119-95b7-86ce19e0d729"",""role_text"":""मोटर वाइंडर"",""timeframe_months"":12}]","[{""skill_id"":""3a7a7093-1c3d-5e15-94d0-dcbac3794d85"",""text"":""मोटर वाइंडिंग""}]",मिळायला कठीण कौशल्ये: मोटर वाइंडिंग.,NO,0,false,Y02,"KaushalSetu synthetic generator v2, seed 20260929",2026-09-28T12:00:00+05:30,"SYNTHETIC demo data (KaushalSetu SIH prototype): fictional entities, team-assumed numbers, not real or official statistics.",true
2d0ff034-0282-5236-b7ef-5aee06c8e1a5,66d193ef-6fd9-51b9-9370-6f89e9a0e96b,944d9d62-c375-5e41-8420-b65a108a0a38,Motor repair workshop,MICRO,TELEGRAM,mr,true,2025-11-12T16:45:00+05:30,"[{""count"":2,""role_id"":""03766387-41ff-5119-95b7-86ce19e0d729"",""role_text"":""मोटर वाइंडर"",""timeframe_months"":12}]","[{""skill_id"":""3a7a7093-1c3d-5e15-94d0-dcbac3794d85"",""text"":""मोटर वाइंडिंग""}]",मिळायला कठीण कौशल्ये: मोटर वाइंडिंग.,NO,0,false,Y02,"KaushalSetu synthetic generator v2, seed 20260929",2026-09-28T12:00:00+05:30,"SYNTHETIC demo data (KaushalSetu SIH prototype): fictional entities, team-assumed numbers, not real or official statistics.",true
72b75870-7e83-5950-8af3-e6e9b3a83735,66d193ef-6fd9-51b9-9370-6f89e9a0e96b,944d9d62-c375-5e41-8420-b65a108a0a38,Motor repair workshop,MICRO,WEB,mr,true,2026-01-17T18:15:00+05:30,"[{""count"":1,""role_id"":""03766387-41ff-5119-95b7-86ce19e0d729"",""role_text"":""मोटर वाइंडर"",""timeframe_months"":12}]","[{""skill_id"":""3a7a7093-1c3d-5e15-94d0-dcbac3794d85"",""text"":""मोटर वाइंडिंग""}]",मिळायला कठीण कौशल्ये: मोटर वाइंडिंग.,NO,0,false,Y02,"KaushalSetu synthetic generator v2, seed 20260929",2026-09-28T12:00:00+05:30,"SYNTHETIC demo data (KaushalSetu SIH prototype): fictional entities, team-assumed numbers, not real or official statistics.",true
e013d523-4376-595f-a3d0-7e27907eb9ac,66d193ef-6fd9-51b9-9370-6f89e9a0e96b,944d9d62-c375-5e41-8420-b65a108a0a38,Motor repair workshop,MICRO,PHONE,mr,true,2026-06-29T14:30:00+05:30,"[{""count"":1,""role_id"":""03766387-41ff-5119-95b7-86ce19e0d729"",""role_text"":""मोटर वाइंडर"",""timeframe_months"":12}]","[{""skill_id"":""3a7a7093-1c3d-5e15-94d0-dcbac3794d85"",""text"":""मोटर वाइंडिंग""}]",मिळायला कठीण कौशल्ये: मोटर वाइंडिंग.,NO,0,false,Y02,"KaushalSetu synthetic generator v2, seed 20260929",2026-09-28T12:00:00+05:30,"SYNTHETIC demo data (KaushalSetu SIH prototype): fictional entities, team-assumed numbers, not real or official statistics.",true
de174cef-60ed-5f9c-b246-a450c639e28c,66d193ef-6fd9-51b9-9370-6f89e9a0e96b,944d9d62-c375-5e41-8420-b65a108a0a38,Motor repair workshop,MICRO,WHATSAPP,mr,true,2026-09-25T11:15:00+05:30,"[{""count"":1,""role_id"":""03766387-41ff-5119-95b7-86ce19e0d729"",""role_text"":""मोटर वाइंडर"",""timeframe_months"":12}]","[{""skill_id"":""3a7a7093-1c3d-5e15-94d0-dcbac3794d85"",""text"":""मोटर वाइंडिंग""}]",मिळायला कठीण कौशल्ये: मोटर वाइंडिंग.,NO,0,false,Y02,"KaushalSetu synthetic generator v2, seed 20260929",2026-09-28T12:00:00+05:30,"SYNTHETIC demo data (KaushalSetu SIH prototype): fictional entities, team-assumed numbers, not real or official statistics.",true
041cbab2-f3b8-53c0-8219-ebafdf5bea7f,ac2affc1-49cc-5d1a-884c-73e0399f17f3,d8954509-dece-5c60-9466-34cd75d462cb,Electrical contracting,SMALL,TELEGRAM,mr,true,2025-06-28T09:15:00+05:30,"[{""count"":3,""role_id"":""2f571be3-597c-576f-8dbd-e8baff7c9dfe"",""role_text"":""वायरमन"",""timeframe_months"":12},{""count"":2,""role_id"":""c7df5212-ab60-5561-aa36-9acc415e9b5b"",""role_text"":""इलेक्ट्रिशियन"",""timeframe_months"":12}]","[{""skill_id"":""8ef0b61f-e058-55ff-b569-058bf9c2611a"",""text"":""वायरिंग काम""},{""skill_id"":""fe1f87ba-b22b-51e9-a579-2156f00496b3"",""text"":""Earthing and Grounding""}]","मिळायला कठीण कौशल्ये: वायरिंग काम, Earthing and Grounding.",MAYBE,1,true,Y02,"KaushalSetu synthetic generator v2, seed 20260929",2026-09-28T12:00:00+05:30,"SYNTHETIC demo data (KaushalSetu SIH prototype): fictional entities, team-assumed numbers, not real or official statistics.",true
44219e24-b132-58aa-b752-708ac4451088,ac2affc1-49cc-5d1a-884c-73e0399f17f3,d8954509-dece-5c60-9466-34cd75d462cb,Electrical contracting,SMALL,WEB,mr,true,2025-08-23T11:00:00+05:30,"[{""count"":3,""role_id"":""2f571be3-597c-576f-8dbd-e8baff7c9dfe"",""role_text"":""वायरमन"",""timeframe_months"":12},{""count"":2,""role_id"":""c7df5212-ab60-5561-aa36-9acc415e9b5b"",""role_text"":""इलेक्ट्रिशियन"",""timeframe_months"":12}]","[{""skill_id"":""8ef0b61f-e058-55ff-b569-058bf9c2611a"",""text"":""वायरिंग काम""},{""skill_id"":""fe1f87ba-b22b-51e9-a579-2156f00496b3"",""text"":""Earthing and Grounding""}]","मिळायला कठीण कौशल्ये: वायरिंग काम, Earthing and Grounding.",MAYBE,1,true,Y02,"KaushalSetu synthetic generator v2, seed 20260929",2026-09-28T12:00:00+05:30,"SYNTHETIC demo data (KaushalSetu SIH prototype): fictional entities, team-assumed numbers, not real or official statistics.",true
f783d6e5-af68-571a-9096-22d3bfaf2efd,ac2affc1-49cc-5d1a-884c-73e0399f17f3,d8954509-dece-5c60-9466-34cd75d462cb,Electrical contracting,SMALL,PHONE,mr,true,2025-12-04T18:15:00+05:30,"[{""count"":3,""role_id"":""2f571be3-597c-576f-8dbd-e8baff7c9dfe"",""role_text"":""वायरमन"",""timeframe_months"":12},{""count"":2,""role_id"":""c7df5212-ab60-5561-aa36-9acc415e9b5b"",""role_text"":""इलेक्ट्रिशियन"",""timeframe_months"":12}]","[{""skill_id"":""8ef0b61f-e058-55ff-b569-058bf9c2611a"",""text"":""वायरिंग काम""},{""skill_id"":""fe1f87ba-b22b-51e9-a579-2156f00496b3"",""text"":""Earthing and Grounding""}]","मिळायला कठीण कौशल्ये: वायरिंग काम, Earthing and Grounding.",MAYBE,1,true,Y02,"KaushalSetu synthetic generator v2, seed 20260929",2026-09-28T12:00:00+05:30,"SYNTHETIC demo data (KaushalSetu SIH prototype): fictional entities, team-assumed numbers, not real or official statistics.",true
49509399-d049-502a-872c-12abf249caa1,ac2affc1-49cc-5d1a-884c-73e0399f17f3,d8954509-dece-5c60-9466-34cd75d462cb,Electrical contracting,SMALL,WEB,mr,true,2026-01-09T15:15:00+05:30,"[{""count"":2,""role_id"":""2f571be3-597c-576f-8dbd-e8baff7c9dfe"",""role_text"":""वायरमन"",""timeframe_months"":12},{""count"":2,""role_id"":""c7df5212-ab60-5561-aa36-9acc415e9b5b"",""role_text"":""इलेक्ट्रिशियन"",""timeframe_months"":12}]","[{""skill_id"":""8ef0b61f-e058-55ff-b569-058bf9c2611a"",""text"":""वायरिंग काम""},{""skill_id"":""fe1f87ba-b22b-51e9-a579-2156f00496b3"",""text"":""Earthing and Grounding""}]","मिळायला कठीण कौशल्ये: वायरिंग काम, Earthing and Grounding.",MAYBE,1,true,Y02,"KaushalSetu synthetic generator v2, seed 20260929",2026-09-28T12:00:00+05:30,"SYNTHETIC demo data (KaushalSetu SIH prototype): fictional entities, team-assumed numbers, not real or official statistics.",true
b9f08848-a8ae-5289-a3f7-9a7891d5e993,ac2affc1-49cc-5d1a-884c-73e0399f17f3,d8954509-dece-5c60-9466-34cd75d462cb,Electrical contracting,SMALL,WEB,mr,true,2026-06-01T17:30:00+05:30,"[{""count"":2,""role_id"":""2f571be3-597c-576f-8dbd-e8baff7c9dfe"",""role_text"":""वायरमन"",""timeframe_months"":12},{""count"":2,""role_id"":""c7df5212-ab60-5561-aa36-9acc415e9b5b"",""role_text"":""इलेक्ट्रिशियन"",""timeframe_months"":12}]","[{""skill_id"":""8ef0b61f-e058-55ff-b569-058bf9c2611a"",""text"":""वायरिंग काम""},{""skill_id"":""fe1f87ba-b22b-51e9-a579-2156f00496b3"",""text"":""Earthing and Grounding""}]","मिळायला कठीण कौशल्ये: वायरिंग काम, Earthing and Grounding.",MAYBE,1,true,Y02,"KaushalSetu synthetic generator v2, seed 20260929",2026-09-28T12:00:00+05:30,"SYNTHETIC demo data (KaushalSetu SIH prototype): fictional entities, team-assumed numbers, not real or official statistics.",true
77d34b1f-610b-59e7-a9bf-958b0617b0e4,ac2affc1-49cc-5d1a-884c-73e0399f17f3,d8954509-dece-5c60-9466-34cd75d462cb,Electrical contracting,SMALL,WEB,mr,true,2026-09-18T16:45:00+05:30,"[{""count"":2,""role_id"":""2f571be3-597c-576f-8dbd-e8baff7c9dfe"",""role_text"":""वायरमन"",""timeframe_months"":12},{""count"":2,""role_id"":""c7df5212-ab60-5561-aa36-9acc415e9b5b"",""role_text"":""इलेक्ट्रिशियन"",""timeframe_months"":12}]","[{""skill_id"":""8ef0b61f-e058-55ff-b569-058bf9c2611a"",""text"":""वायरिंग काम""},{""skill_id"":""fe1f87ba-b22b-51e9-a579-2156f00496b3"",""text"":""Earthing and Grounding""}]","मिळायला कठीण कौशल्ये: वायरिंग काम, Earthing and Grounding.",MAYBE,1,true,Y02,"KaushalSetu synthetic generator v2, seed 20260929",2026-09-28T12:00:00+05:30,"SYNTHETIC demo data (KaushalSetu SIH prototype): fictional entities, team-assumed numbers, not real or official statistics.",true
30c15f8b-eed3-5241-9893-b40e272b3244,5a42ca7c-88ac-5cb4-bb7a-623130be262b,d8954509-dece-5c60-9466-34cd75d462cb,Electrical shop and repairs,MICRO,PHONE,mr,true,2025-04-21T14:00:00+05:30,"[{""count"":2,""role_id"":""c7df5212-ab60-5561-aa36-9acc415e9b5b"",""role_text"":""इलेक्ट्रिशियन"",""timeframe_months"":12},{""count"":1,""role_id"":""2f571be3-597c-576f-8dbd-e8baff7c9dfe"",""role_text"":""वायरमन"",""timeframe_months"":12}]","[{""skill_id"":""8ef0b61f-e058-55ff-b569-058bf9c2611a"",""text"":""वायरिंग काम""},{""skill_id"":""1410f386-d9ff-5480-898b-1c4f925f7b61"",""text"":""विद्युत सुरक्षा""}]","मिळायला कठीण कौशल्ये: वायरिंग काम, विद्युत सुरक्षा.",NO,0,false,Y02,"KaushalSetu synthetic generator v2, seed 20260929",2026-09-28T12:00:00+05:30,"SYNTHETIC demo data (KaushalSetu SIH prototype): fictional entities, team-assumed numbers, not real or official statistics.",true
799b333b-040a-546f-8049-5bd701a05a41,5a42ca7c-88ac-5cb4-bb7a-623130be262b,d8954509-dece-5c60-9466-34cd75d462cb,Electrical shop and repairs,MICRO,WHATSAPP,mr,true,2025-08-27T14:15:00+05:30,"[{""count"":2,""role_id"":""c7df5212-ab60-5561-aa36-9acc415e9b5b"",""role_text"":""इलेक्ट्रिशियन"",""timeframe_months"":12},{""count"":1,""role_id"":""2f571be3-597c-576f-8dbd-e8baff7c9dfe"",""role_text"":""वायरमन"",""timeframe_months"":12}]","[{""skill_id"":""8ef0b61f-e058-55ff-b569-058bf9c2611a"",""text"":""वायरिंग काम""},{""skill_id"":""1410f386-d9ff-5480-898b-1c4f925f7b61"",""text"":""विद्युत सुरक्षा""}]","मिळायला कठीण कौशल्ये: वायरिंग काम, विद्युत सुरक्षा.",NO,0,false,Y02,"KaushalSetu synthetic generator v2, seed 20260929",2026-09-28T12:00:00+05:30,"SYNTHETIC demo data (KaushalSetu SIH prototype): fictional entities, team-assumed numbers, not real or official statistics.",true
34119d64-46f9-5630-b412-099d0370cfa6,5a42ca7c-88ac-5cb4-bb7a-623130be262b,d8954509-dece-5c60-9466-34cd75d462cb,Electrical shop and repairs,MICRO,WHATSAPP,mr,true,2025-10-30T18:30:00+05:30,"[{""count"":2,""role_id"":""c7df5212-ab60-5561-aa36-9acc415e9b5b"",""role_text"":""इलेक्ट्रिशियन"",""timeframe_months"":12},{""count"":1,""role_id"":""2f571be3-597c-576f-8dbd-e8baff7c9dfe"",""role_text"":""वायरमन"",""timeframe_months"":12}]","[{""skill_id"":""8ef0b61f-e058-55ff-b569-058bf9c2611a"",""text"":""वायरिंग काम""},{""skill_id"":""1410f386-d9ff-5480-898b-1c4f925f7b61"",""text"":""विद्युत सुरक्षा""}]","मिळायला कठीण कौशल्ये: वायरिंग काम, विद्युत सुरक्षा.",NO,0,false,Y02,"KaushalSetu synthetic generator v2, seed 20260929",2026-09-28T12:00:00+05:30,"SYNTHETIC demo data (KaushalSetu SIH prototype): fictional entities, team-assumed numbers, not real or official statistics.",true
b46833b4-2dbc-59be-ad43-a4232afa5753,5a42ca7c-88ac-5cb4-bb7a-623130be262b,d8954509-dece-5c60-9466-34cd75d462cb,Electrical shop and repairs,MICRO,TELEGRAM,mr,true,2026-03-06T12:00:00+05:30,"[{""count"":2,""role_id"":""c7df5212-ab60-5561-aa36-9acc415e9b5b"",""role_text"":""इलेक्ट्रिशियन"",""timeframe_months"":12},{""count"":1,""role_id"":""2f571be3-597c-576f-8dbd-e8baff7c9dfe"",""role_text"":""वायरमन"",""timeframe_months"":12}]","[{""skill_id"":""8ef0b61f-e058-55ff-b569-058bf9c2611a"",""text"":""वायरिंग काम""},{""skill_id"":""1410f386-d9ff-5480-898b-1c4f925f7b61"",""text"":""विद्युत सुरक्षा""}]","मिळायला कठीण कौशल्ये: वायरिंग काम, विद्युत सुरक्षा.",NO,0,false,Y02,"KaushalSetu synthetic generator v2, seed 20260929",2026-09-28T12:00:00+05:30,"SYNTHETIC demo data (KaushalSetu SIH prototype): fictional entities, team-assumed numbers, not real or official statistics.",true
51d2e1de-9854-57b7-82f2-7ca395c2fb9c,5a42ca7c-88ac-5cb4-bb7a-623130be262b,d8954509-dece-5c60-9466-34cd75d462cb,Electrical shop and repairs,MICRO,WEB,mr,true,2026-05-01T17:15:00+05:30,"[{""count"":2,""role_id"":""c7df5212-ab60-5561-aa36-9acc415e9b5b"",""role_text"":""इलेक्ट्रिशियन"",""timeframe_months"":12},{""count"":1,""role_id"":""2f571be3-597c-576f-8dbd-e8baff7c9dfe"",""role_text"":""वायरमन"",""timeframe_months"":12}]","[{""skill_id"":""8ef0b61f-e058-55ff-b569-058bf9c2611a"",""text"":""वायरिंग काम""},{""skill_id"":""1410f386-d9ff-5480-898b-1c4f925f7b61"",""text"":""विद्युत सुरक्षा""}]","मिळायला कठीण कौशल्ये: वायरिंग काम, विद्युत सुरक्षा.",NO,0,false,Y02,"KaushalSetu synthetic generator v2, seed 20260929",2026-09-28T12:00:00+05:30,"SYNTHETIC demo data (KaushalSetu SIH prototype): fictional entities, team-assumed numbers, not real or official statistics.",true
ae819ccb-7631-54f6-8fbe-bf7240173d23,5a42ca7c-88ac-5cb4-bb7a-623130be262b,d8954509-dece-5c60-9466-34cd75d462cb,Electrical shop and repairs,MICRO,TELEGRAM,mr,true,2026-08-20T15:15:00+05:30,"[{""count"":2,""role_id"":""c7df5212-ab60-5561-aa36-9acc415e9b5b"",""role_text"":""इलेक्ट्रिशियन"",""timeframe_months"":12},{""count"":1,""role_id"":""2f571be3-597c-576f-8dbd-e8baff7c9dfe"",""role_text"":""वायरमन"",""timeframe_months"":12}]","[{""skill_id"":""8ef0b61f-e058-55ff-b569-058bf9c2611a"",""text"":""वायरिंग काम""},{""skill_id"":""1410f386-d9ff-5480-898b-1c4f925f7b61"",""text"":""विद्युत सुरक्षा""}]","मिळायला कठीण कौशल्ये: वायरिंग काम, विद्युत सुरक्षा.",NO,0,false,Y02,"KaushalSetu synthetic generator v2, seed 20260929",2026-09-28T12:00:00+05:30,"SYNTHETIC demo data (KaushalSetu SIH prototype): fictional entities, team-assumed numbers, not real or official statistics.",true
df8e4d3b-eadc-5c10-8e0a-8662e58b388c,363502e9-2ff7-5d7e-86d7-ca4d60b6599d,d8954509-dece-5c60-9466-34cd75d462cb,Pump and motor servicing,SMALL,WEB,mr,true,2025-05-17T11:45:00+05:30,"[{""count"":2,""role_id"":""03766387-41ff-5119-95b7-86ce19e0d729"",""role_text"":""मोटर वाइंडर"",""timeframe_months"":12},{""count"":1,""role_id"":""c7df5212-ab60-5561-aa36-9acc415e9b5b"",""role_text"":""इलेक्ट्रिशियन"",""timeframe_months"":12}]","[{""skill_id"":""dd8d79cf-0adb-5b51-bc22-17e07695f258"",""text"":""Basic Motor Maintenance""},{""skill_id"":""3a7a7093-1c3d-5e15-94d0-dcbac3794d85"",""text"":""मोटर वाइंडिंग""}]","मिळायला कठीण कौशल्ये: Basic Motor Maintenance, मोटर वाइंडिंग.",MAYBE,1,true,Y02,"KaushalSetu synthetic generator v2, seed 20260929",2026-09-28T12:00:00+05:30,"SYNTHETIC demo data (KaushalSetu SIH prototype): fictional entities, team-assumed numbers, not real or official statistics.",true
d2066971-06e3-59f2-a863-1aafd3def1a0,363502e9-2ff7-5d7e-86d7-ca4d60b6599d,d8954509-dece-5c60-9466-34cd75d462cb,Pump and motor servicing,SMALL,WEB,mr,true,2025-07-13T13:00:00+05:30,"[{""count"":2,""role_id"":""03766387-41ff-5119-95b7-86ce19e0d729"",""role_text"":""मोटर वाइंडर"",""timeframe_months"":12},{""count"":1,""role_id"":""c7df5212-ab60-5561-aa36-9acc415e9b5b"",""role_text"":""इलेक्ट्रिशियन"",""timeframe_months"":12}]","[{""skill_id"":""dd8d79cf-0adb-5b51-bc22-17e07695f258"",""text"":""Basic Motor Maintenance""},{""skill_id"":""3a7a7093-1c3d-5e15-94d0-dcbac3794d85"",""text"":""मोटर वाइंडिंग""}]","मिळायला कठीण कौशल्ये: Basic Motor Maintenance, मोटर वाइंडिंग.",MAYBE,1,true,Y02,"KaushalSetu synthetic generator v2, seed 20260929",2026-09-28T12:00:00+05:30,"SYNTHETIC demo data (KaushalSetu SIH prototype): fictional entities, team-assumed numbers, not real or official statistics.",true
f3b1c3e7-5800-5448-9ba5-50f28860050d,363502e9-2ff7-5d7e-86d7-ca4d60b6599d,d8954509-dece-5c60-9466-34cd75d462cb,Pump and motor servicing,SMALL,WHATSAPP,mr,true,2025-12-04T12:30:00+05:30,"[{""count"":2,""role_id"":""03766387-41ff-5119-95b7-86ce19e0d729"",""role_text"":""मोटर वाइंडर"",""timeframe_months"":12},{""count"":1,""role_id"":""c7df5212-ab60-5561-aa36-9acc415e9b5b"",""role_text"":""इलेक्ट्रिशियन"",""timeframe_months"":12}]","[{""skill_id"":""dd8d79cf-0adb-5b51-bc22-17e07695f258"",""text"":""Basic Motor Maintenance""},{""skill_id"":""3a7a7093-1c3d-5e15-94d0-dcbac3794d85"",""text"":""मोटर वाइंडिंग""}]","मिळायला कठीण कौशल्ये: Basic Motor Maintenance, मोटर वाइंडिंग.",MAYBE,1,true,Y02,"KaushalSetu synthetic generator v2, seed 20260929",2026-09-28T12:00:00+05:30,"SYNTHETIC demo data (KaushalSetu SIH prototype): fictional entities, team-assumed numbers, not real or official statistics.",true
04fd0be0-1119-510c-9e67-2cb2aac2ea50,363502e9-2ff7-5d7e-86d7-ca4d60b6599d,d8954509-dece-5c60-9466-34cd75d462cb,Pump and motor servicing,SMALL,WHATSAPP,mr,true,2026-03-11T09:45:00+05:30,"[{""count"":1,""role_id"":""03766387-41ff-5119-95b7-86ce19e0d729"",""role_text"":""मोटर वाइंडर"",""timeframe_months"":12},{""count"":1,""role_id"":""c7df5212-ab60-5561-aa36-9acc415e9b5b"",""role_text"":""इलेक्ट्रिशियन"",""timeframe_months"":12}]","[{""skill_id"":""dd8d79cf-0adb-5b51-bc22-17e07695f258"",""text"":""Basic Motor Maintenance""},{""skill_id"":""3a7a7093-1c3d-5e15-94d0-dcbac3794d85"",""text"":""मोटर वाइंडिंग""}]","मिळायला कठीण कौशल्ये: Basic Motor Maintenance, मोटर वाइंडिंग.",MAYBE,1,true,Y02,"KaushalSetu synthetic generator v2, seed 20260929",2026-09-28T12:00:00+05:30,"SYNTHETIC demo data (KaushalSetu SIH prototype): fictional entities, team-assumed numbers, not real or official statistics.",true
cfa929b0-db34-50e5-b91e-638fff83c6d9,363502e9-2ff7-5d7e-86d7-ca4d60b6599d,d8954509-dece-5c60-9466-34cd75d462cb,Pump and motor servicing,SMALL,WEB,mr,true,2026-05-22T14:15:00+05:30,"[{""count"":1,""role_id"":""03766387-41ff-5119-95b7-86ce19e0d729"",""role_text"":""मोटर वाइंडर"",""timeframe_months"":12},{""count"":1,""role_id"":""c7df5212-ab60-5561-aa36-9acc415e9b5b"",""role_text"":""इलेक्ट्रिशियन"",""timeframe_months"":12}]","[{""skill_id"":""dd8d79cf-0adb-5b51-bc22-17e07695f258"",""text"":""Basic Motor Maintenance""},{""skill_id"":""3a7a7093-1c3d-5e15-94d0-dcbac3794d85"",""text"":""मोटर वाइंडिंग""}]","मिळायला कठीण कौशल्ये: Basic Motor Maintenance, मोटर वाइंडिंग.",MAYBE,1,true,Y02,"KaushalSetu synthetic generator v2, seed 20260929",2026-09-28T12:00:00+05:30,"SYNTHETIC demo data (KaushalSetu SIH prototype): fictional entities, team-assumed numbers, not real or official statistics.",true
c425581d-3549-5dbf-81e3-88cac318490a,363502e9-2ff7-5d7e-86d7-ca4d60b6599d,d8954509-dece-5c60-9466-34cd75d462cb,Pump and motor servicing,SMALL,WHATSAPP,mr,true,2026-08-10T17:15:00+05:30,"[{""count"":1,""role_id"":""03766387-41ff-5119-95b7-86ce19e0d729"",""role_text"":""मोटर वाइंडर"",""timeframe_months"":12},{""count"":1,""role_id"":""c7df5212-ab60-5561-aa36-9acc415e9b5b"",""role_text"":""इलेक्ट्रिशियन"",""timeframe_months"":12}]","[{""skill_id"":""dd8d79cf-0adb-5b51-bc22-17e07695f258"",""text"":""Basic Motor Maintenance""},{""skill_id"":""3a7a7093-1c3d-5e15-94d0-dcbac3794d85"",""text"":""मोटर वाइंडिंग""}]","मिळायला कठीण कौशल्ये: Basic Motor Maintenance, मोटर वाइंडिंग.",MAYBE,1,true,Y02,"KaushalSetu synthetic generator v2, seed 20260929",2026-09-28T12:00:00+05:30,"SYNTHETIC demo data (KaushalSetu SIH prototype): fictional entities, team-assumed numbers, not real or official statistics.",true
