id,code,name,category,indicative_cost_inr,cost_is_estimate,source,source_ref,fetched_at,license_note,is_synthetic
a2eaacb7-0bc9-5a99-9342-388a4a5fe242,EQ-EV-SCAN-TOOL,EV diagnostic scan tool (training),EV,45000,true,Y12,"KaushalSetu synthetic generator v2, seed 20260929",2026-09-28T12:00:00+05:30,"SYNTHETIC demo data (KaushalSetu SIH prototype): fictional entities, team-assumed numbers, not real or official statistics.",true
d9499dfb-4d06-57b0-824b-9c22aab90436,EQ-BATTERY-KIT,Li-ion battery pack trainer with BMS,EV,150000,true,Y12,"KaushalSetu synthetic generator v2, seed 20260929",2026-09-28T12:00:00+05:30,"SYNTHETIC demo data (KaushalSetu SIH prototype): fictional entities, team-assumed numbers, not real or official statistics.",true
fd9fa00b-4f04-5c92-9af3-fa13e3516f39,EQ-EV-CHARGER-RIG,AC EV charger training rig,EV,90000,true,Y12,"KaushalSetu synthetic generator v2, seed 20260929",2026-09-28T12:00:00+05:30,"SYNTHETIC demo data (KaushalSetu SIH prototype): fictional entities, team-assumed numbers, not real or official statistics.",true
e8fdf032-72ae-5ef1-95eb-51f2e0e932f8,EQ-HV-SAFETY-KIT,"HV safety kit (insulated gloves, tools and mat)",Safety,25000,true,Y12,"KaushalSetu synthetic generator v2, seed 20260929",2026-09-28T12:00:00+05:30,"SYNTHETIC demo data (KaushalSetu SIH prototype): fictional entities, team-assumed numbers, not real or official statistics.",true
1e25a505-fd48-577b-88ed-e864d13bc368,EQ-EV-MOTOR-TRAINER,BLDC motor and controller trainer,EV,60000,true,Y12,"KaushalSetu synthetic generator v2, seed 20260929",2026-09-28T12:00:00+05:30,"SYNTHETIC demo data (KaushalSetu SIH prototype): fictional entities, team-assumed numbers, not real or official statistics.",true
0cc28ce2-b102-59c5-9542-18cc8cd9ff62,EQ-MULTIMETER,Digital multimeter,Measurement,3000,true,Y12,"KaushalSetu synthetic generator v2, seed 20260929",2026-09-28T12:00:00+05:30,"SYNTHETIC demo data (KaushalSetu SIH prototype): fictional entities, team-assumed numbers, not real or official statistics.",true
40076c1f-63b2-5437-a4be-ff50b9423d53,EQ-INSULATION-TESTER,Insulation resistance tester,Measurement,18000,true,Y12,"KaushalSetu synthetic generator v2, seed 20260929",2026-09-28T12:00:00+05:30,"SYNTHETIC demo data (KaushalSetu SIH prototype): fictional entities, team-assumed numbers, not real or official statistics.",true
aaaf5241-fb0b-5857-adc2-b57bc5a5d721,EQ-EARTH-TESTER,Earth resistance tester,Measurement,15000,true,Y12,"KaushalSetu synthetic generator v2, seed 20260929",2026-09-28T12:00:00+05:30,"SYNTHETIC demo data (KaushalSetu SIH prototype): fictional entities, team-assumed numbers, not real or official statistics.",true
fbf969e2-c9a4-5cec-8620-a2f8e4294b1e,EQ-WIRING-BOARD,Wiring practice board,Electrical,8000,true,Y12,"KaushalSetu synthetic generator v2, seed 20260929",2026-09-28T12:00:00+05:30,"SYNTHETIC demo data (KaushalSetu SIH prototype): fictional entities, team-assumed numbers, not real or official statistics.",true
b8b1c069-98d9-5bac-8c36-35b287dc8107,EQ-PANEL-TRAINER,Control panel wiring trainer,Electrical,40000,true,Y12,"KaushalSetu synthetic generator v2, seed 20260929",2026-09-28T12:00:00+05:30,"SYNTHETIC demo data (KaushalSetu SIH prototype): fictional entities, team-assumed numbers, not real or official statistics.",true
b16ef3d5-24d2-5bd2-847e-5816b714c309,EQ-CABLE-TOOLS,Cable crimping and jointing tool set,Electrical,12000,true,Y12,"KaushalSetu synthetic generator v2, seed 20260929",2026-09-28T12:00:00+05:30,"SYNTHETIC demo data (KaushalSetu SIH prototype): fictional entities, team-assumed numbers, not real or official statistics.",true
8d166ca5-4e2a-5830-aaad-5c7f21019f52,EQ-MOTOR-TRAINER,AC/DC motor training set,Electrical,60000,true,Y12,"KaushalSetu synthetic generator v2, seed 20260929",2026-09-28T12:00:00+05:30,"SYNTHETIC demo data (KaushalSetu SIH prototype): fictional entities, team-assumed numbers, not real or official statistics.",true
d11b46ec-9351-5e94-851e-6cb83c15cb37,EQ-WINDING-MACHINE,Coil winding machine,Electrical,20000,true,Y12,"KaushalSetu synthetic generator v2, seed 20260929",2026-09-28T12:00:00+05:30,"SYNTHETIC demo data (KaushalSetu SIH prototype): fictional entities, team-assumed numbers, not real or official statistics.",true
67de3f8d-48bb-5c0a-bdd6-2710412e5d2a,EQ-SAFETY-PPE,Electrical safety PPE set,Safety,5000,true,Y12,"KaushalSetu synthetic generator v2, seed 20260929",2026-09-28T12:00:00+05:30,"SYNTHETIC demo data (KaushalSetu SIH prototype): fictional entities, team-assumed numbers, not real or official statistics.",true
5b01d0d0-dc9f-5164-87e7-fa8f683edacc,EQ-SOLAR-PV-KIT,Rooftop solar PV training kit (1 kW),Solar,120000,true,Y12,"KaushalSetu synthetic generator v2, seed 20260929",2026-09-28T12:00:00+05:30,"SYNTHETIC demo data (KaushalSetu SIH prototype): fictional entities, team-assumed numbers, not real or official statistics.",true
16f2ea61-1008-5c1b-b059-fc1785248b2c,EQ-INVERTER-TRAINER,Grid-tie inverter trainer,Solar,70000,true,Y12,"KaushalSetu synthetic generator v2, seed 20260929",2026-09-28T12:00:00+05:30,"SYNTHETIC demo data (KaushalSetu SIH prototype): fictional entities, team-assumed numbers, not real or official statistics.",true
6bb02ec2-eed8-5e21-8b66-10c8c1c09d1b,EQ-SITE-SURVEY-KIT,"Solar site survey kit (shade analyser, meters)",Solar,25000,true,Y12,"KaushalSetu synthetic generator v2, seed 20260929",2026-09-28T12:00:00+05:30,"SYNTHETIC demo data (KaushalSetu SIH prototype): fictional entities, team-assumed numbers, not real or official statistics.",true
d2fc9fad-254a-53d6-998c-8b0820f080be,EQ-HARNESS-SET,Full-body safety harness set,Safety,6000,true,Y12,"KaushalSetu synthetic generator v2, seed 20260929",2026-09-28T12:00:00+05:30,"SYNTHETIC demo data (KaushalSetu SIH prototype): fictional entities, team-assumed numbers, not real or official statistics.",true
