institute_id,equipment_id,quantity,condition,source,source_ref,fetched_at,license_note,is_synthetic
d14d2014-ee89-5e54-bea6-76bbc590a3e1,e8fdf032-72ae-5ef1-95eb-51f2e0e932f8,4,WORKING,Y07,"KaushalSetu synthetic generator v2, seed 20260929",2026-09-28T12:00:00+05:30,"SYNTHETIC demo data (KaushalSetu SIH prototype): fictional entities, team-assumed numbers, not real or official statistics.",true
d14d2014-ee89-5e54-bea6-76bbc590a3e1,0cc28ce2-b102-59c5-9542-18cc8cd9ff62,10,WORKING,Y07,"KaushalSetu synthetic generator v2, seed 20260929",2026-09-28T12:00:00+05:30,"SYNTHETIC demo data (KaushalSetu SIH prototype): fictional entities, team-assumed numbers, not real or official statistics.",true
d14d2014-ee89-5e54-bea6-76bbc590a3e1,40076c1f-63b2-5437-a4be-ff50b9423d53,2,NOT_WORKING,Y07,"KaushalSetu synthetic generator v2, seed 20260929",2026-09-28T12:00:00+05:30,"SYNTHETIC demo data (KaushalSetu SIH prototype): fictional entities, team-assumed numbers, not real or official statistics.",true
d14d2014-ee89-5e54-bea6-76bbc590a3e1,aaaf5241-fb0b-5857-adc2-b57bc5a5d721,1,WORKING,Y07,"KaushalSetu synthetic generator v2, seed 20260929",2026-09-28T12:00:00+05:30,"SYNTHETIC demo data (KaushalSetu SIH prototype): fictional entities, team-assumed numbers, not real or official statistics.",true
d14d2014-ee89-5e54-bea6-76bbc590a3e1,fbf969e2-c9a4-5cec-8620-a2f8e4294b1e,10,WORKING,Y07,"KaushalSetu synthetic generator v2, seed 20260929",2026-09-28T12:00:00+05:30,"SYNTHETIC demo data (KaushalSetu SIH prototype): fictional entities, team-assumed numbers, not real or official statistics.",true
d14d2014-ee89-5e54-bea6-76bbc590a3e1,b16ef3d5-24d2-5bd2-847e-5816b714c309,4,WORKING,Y07,"KaushalSetu synthetic generator v2, seed 20260929",2026-09-28T12:00:00+05:30,"SYNTHETIC demo data (KaushalSetu SIH prototype): fictional entities, team-assumed numbers, not real or official statistics.",true
d14d2014-ee89-5e54-bea6-76bbc590a3e1,8d166ca5-4e2a-5830-aaad-5c7f21019f52,2,WORKING,Y07,"KaushalSetu synthetic generator v2, seed 20260929",2026-09-28T12:00:00+05:30,"SYNTHETIC demo data (KaushalSetu SIH prototype): fictional entities, team-assumed numbers, not real or official statistics.",true
d14d2014-ee89-5e54-bea6-76bbc590a3e1,d11b46ec-9351-5e94-851e-6cb83c15cb37,2,WORKING,Y07,"KaushalSetu synthetic generator v2, seed 20260929",2026-09-28T12:00:00+05:30,"SYNTHETIC demo data (KaushalSetu SIH prototype): fictional entities, team-assumed numbers, not real or official statistics.",true
d14d2014-ee89-5e54-bea6-76bbc590a3e1,67de3f8d-48bb-5c0a-bdd6-2710412e5d2a,10,WORKING,Y07,"KaushalSetu synthetic generator v2, seed 20260929",2026-09-28T12:00:00+05:30,"SYNTHETIC demo data (KaushalSetu SIH prototype): fictional entities, team-assumed numbers, not real or official statistics.",true
3a7c32d9-7ca6-5544-86a7-cb4db7032651,e8fdf032-72ae-5ef1-95eb-51f2e0e932f8,4,WORKING,Y07,"KaushalSetu synthetic generator v2, seed 20260929",2026-09-28T12:00:00+05:30,"SYNTHETIC demo data (KaushalSetu SIH prototype): fictional entities, team-assumed numbers, not real or official statistics.",true
3a7c32d9-7ca6-5544-86a7-cb4db7032651,0cc28ce2-b102-59c5-9542-18cc8cd9ff62,10,WORKING,Y07,"KaushalSetu synthetic generator v2, seed 20260929",2026-09-28T12:00:00+05:30,"SYNTHETIC demo data (KaushalSetu SIH prototype): fictional entities, team-assumed numbers, not real or official statistics.",true
3a7c32d9-7ca6-5544-86a7-cb4db7032651,40076c1f-63b2-5437-a4be-ff50b9423d53,2,WORKING,Y07,"KaushalSetu synthetic generator v2, seed 20260929",2026-09-28T12:00:00+05:30,"SYNTHETIC demo data (KaushalSetu SIH prototype): fictional entities, team-assumed numbers, not real or official statistics.",true
3a7c32d9-7ca6-5544-86a7-cb4db7032651,aaaf5241-fb0b-5857-adc2-b57bc5a5d721,1,WORKING,Y07,"KaushalSetu synthetic generator v2, seed 20260929",2026-09-28T12:00:00+05:30,"SYNTHETIC demo data (KaushalSetu SIH prototype): fictional entities, team-assumed numbers, not real or official statistics.",true
3a7c32d9-7ca6-5544-86a7-cb4db7032651,fbf969e2-c9a4-5cec-8620-a2f8e4294b1e,10,WORKING,Y07,"KaushalSetu synthetic generator v2, seed 20260929",2026-09-28T12:00:00+05:30,"SYNTHETIC demo data (KaushalSetu SIH prototype): fictional entities, team-assumed numbers, not real or official statistics.",true
3a7c32d9-7ca6-5544-86a7-cb4db7032651,b16ef3d5-24d2-5bd2-847e-5816b714c309,4,NEEDS_REPAIR,Y07,"KaushalSetu synthetic generator v2, seed 20260929",2026-09-28T12:00:00+05:30,"SYNTHETIC demo data (KaushalSetu SIH prototype): fictional entities, team-assumed numbers, not real or official statistics.",true
3a7c32d9-7ca6-5544-86a7-cb4db7032651,8d166ca5-4e2a-5830-aaad-5c7f21019f52,2,WORKING,Y07,"KaushalSetu synthetic generator v2, seed 20260929",2026-09-28T12:00:00+05:30,"SYNTHETIC demo data (KaushalSetu SIH prototype): fictional entities, team-assumed numbers, not real or official statistics.",true
3a7c32d9-7ca6-5544-86a7-cb4db7032651,d11b46ec-9351-5e94-851e-6cb83c15cb37,2,NEEDS_REPAIR,Y07,"KaushalSetu synthetic generator v2, seed 20260929",2026-09-28T12:00:00+05:30,"SYNTHETIC demo data (KaushalSetu SIH prototype): fictional entities, team-assumed numbers, not real or official statistics.",true
3a7c32d9-7ca6-5544-86a7-cb4db7032651,67de3f8d-48bb-5c0a-bdd6-2710412e5d2a,10,WORKING,Y07,"KaushalSetu synthetic generator v2, seed 20260929",2026-09-28T12:00:00+05:30,"SYNTHETIC demo data (KaushalSetu SIH prototype): fictional entities, team-assumed numbers, not real or official statistics.",true
2e673078-52f9-5516-977f-a174f6c8483b,0cc28ce2-b102-59c5-9542-18cc8cd9ff62,10,WORKING,Y07,"KaushalSetu synthetic generator v2, seed 20260929",2026-09-28T12:00:00+05:30,"SYNTHETIC demo data (KaushalSetu SIH prototype): fictional entities, team-assumed numbers, not real or official statistics.",true
2e673078-52f9-5516-977f-a174f6c8483b,40076c1f-63b2-5437-a4be-ff50b9423d53,2,WORKING,Y07,"KaushalSetu synthetic generator v2, seed 20260929",2026-09-28T12:00:00+05:30,"SYNTHETIC demo data (KaushalSetu SIH prototype): fictional entities, team-assumed numbers, not real or official statistics.",true
2e673078-52f9-5516-977f-a174f6c8483b,67de3f8d-48bb-5c0a-bdd6-2710412e5d2a,10,WORKING,Y07,"KaushalSetu synthetic generator v2, seed 20260929",2026-09-28T12:00:00+05:30,"SYNTHETIC demo data (KaushalSetu SIH prototype): fictional entities, team-assumed numbers, not real or official statistics.",true
2e673078-52f9-5516-977f-a174f6c8483b,5b01d0d0-dc9f-5164-87e7-fa8f683edacc,1,WORKING,Y07,"KaushalSetu synthetic generator v2, seed 20260929",2026-09-28T12:00:00+05:30,"SYNTHETIC demo data (KaushalSetu SIH prototype): fictional entities, team-assumed numbers, not real or official statistics.",true
2e673078-52f9-5516-977f-a174f6c8483b,16f2ea61-1008-5c1b-b059-fc1785248b2c,1,WORKING,Y07,"KaushalSetu synthetic generator v2, seed 20260929",2026-09-28T12:00:00+05:30,"SYNTHETIC demo data (KaushalSetu SIH prototype): fictional entities, team-assumed numbers, not real or official statistics.",true
2e673078-52f9-5516-977f-a174f6c8483b,6bb02ec2-eed8-5e21-8b66-10c8c1c09d1b,1,WORKING,Y07,"KaushalSetu synthetic generator v2, seed 20260929",2026-09-28T12:00:00+05:30,"SYNTHETIC demo data (KaushalSetu SIH prototype): fictional entities, team-assumed numbers, not real or official statistics.",true
2e673078-52f9-5516-977f-a174f6c8483b,d2fc9fad-254a-53d6-998c-8b0820f080be,6,WORKING,Y07,"KaushalSetu synthetic generator v2, seed 20260929",2026-09-28T12:00:00+05:30,"SYNTHETIC demo data (KaushalSetu SIH prototype): fictional entities, team-assumed numbers, not real or official statistics.",true
934accd7-4dfc-5f36-8c9f-8e94260f8225,e8fdf032-72ae-5ef1-95eb-51f2e0e932f8,4,WORKING,Y07,"KaushalSetu synthetic generator v2, seed 20260929",2026-09-28T12:00:00+05:30,"SYNTHETIC demo data (KaushalSetu SIH prototype): fictional entities, team-assumed numbers, not real or official statistics.",true
934accd7-4dfc-5f36-8c9f-8e94260f8225,0cc28ce2-b102-59c5-9542-18cc8cd9ff62,10,WORKING,Y07,"KaushalSetu synthetic generator v2, seed 20260929",2026-09-28T12:00:00+05:30,"SYNTHETIC demo data (KaushalSetu SIH prototype): fictional entities, team-assumed numbers, not real or official statistics.",true
934accd7-4dfc-5f36-8c9f-8e94260f8225,40076c1f-63b2-5437-a4be-ff50b9423d53,2,WORKING,Y07,"KaushalSetu synthetic generator v2, seed 20260929",2026-09-28T12:00:00+05:30,"SYNTHETIC demo data (KaushalSetu SIH prototype): fictional entities, team-assumed numbers, not real or official statistics.",true
934accd7-4dfc-5f36-8c9f-8e94260f8225,aaaf5241-fb0b-5857-adc2-b57bc5a5d721,1,WORKING,Y07,"KaushalSetu synthetic generator v2, seed 20260929",2026-09-28T12:00:00+05:30,"SYNTHETIC demo data (KaushalSetu SIH prototype): fictional entities, team-assumed numbers, not real or official statistics.",true
934accd7-4dfc-5f36-8c9f-8e94260f8225,fbf969e2-c9a4-5cec-8620-a2f8e4294b1e,10,WORKING,Y07,"KaushalSetu synthetic generator v2, seed 20260929",2026-09-28T12:00:00+05:30,"SYNTHETIC demo data (KaushalSetu SIH prototype): fictional entities, team-assumed numbers, not real or official statistics.",true
934accd7-4dfc-5f36-8c9f-8e94260f8225,b16ef3d5-24d2-5bd2-847e-5816b714c309,4,WORKING,Y07,"KaushalSetu synthetic generator v2, seed 20260929",2026-09-28T12:00:00+05:30,"SYNTHETIC demo data (KaushalSetu SIH prototype): fictional entities, team-assumed numbers, not real or official statistics.",true
934accd7-4dfc-5f36-8c9f-8e94260f8225,8d166ca5-4e2a-5830-aaad-5c7f21019f52,2,WORKING,Y07,"KaushalSetu synthetic generator v2, seed 20260929",2026-09-28T12:00:00+05:30,"SYNTHETIC demo data (KaushalSetu SIH prototype): fictional entities, team-assumed numbers, not real or official statistics.",true
934accd7-4dfc-5f36-8c9f-8e94260f8225,d11b46ec-9351-5e94-851e-6cb83c15cb37,2,WORKING,Y07,"KaushalSetu synthetic generator v2, seed 20260929",2026-09-28T12:00:00+05:30,"SYNTHETIC demo data (KaushalSetu SIH prototype): fictional entities, team-assumed numbers, not real or official statistics.",true
934accd7-4dfc-5f36-8c9f-8e94260f8225,67de3f8d-48bb-5c0a-bdd6-2710412e5d2a,10,WORKING,Y07,"KaushalSetu synthetic generator v2, seed 20260929",2026-09-28T12:00:00+05:30,"SYNTHETIC demo data (KaushalSetu SIH prototype): fictional entities, team-assumed numbers, not real or official statistics.",true
0a1bfc97-a7df-54e7-937c-0a7953c2c74e,a2eaacb7-0bc9-5a99-9342-388a4a5fe242,2,WORKING,Y07,"KaushalSetu synthetic generator v2, seed 20260929",2026-09-28T12:00:00+05:30,"SYNTHETIC demo data (KaushalSetu SIH prototype): fictional entities, team-assumed numbers, not real or official statistics.",true
0a1bfc97-a7df-54e7-937c-0a7953c2c74e,d9499dfb-4d06-57b0-824b-9c22aab90436,1,WORKING,Y07,"KaushalSetu synthetic generator v2, seed 20260929",2026-09-28T12:00:00+05:30,"SYNTHETIC demo data (KaushalSetu SIH prototype): fictional entities, team-assumed numbers, not real or official statistics.",true
0a1bfc97-a7df-54e7-937c-0a7953c2c74e,fd9fa00b-4f04-5c92-9af3-fa13e3516f39,1,WORKING,Y07,"KaushalSetu synthetic generator v2, seed 20260929",2026-09-28T12:00:00+05:30,"SYNTHETIC demo data (KaushalSetu SIH prototype): fictional entities, team-assumed numbers, not real or official statistics.",true
0a1bfc97-a7df-54e7-937c-0a7953c2c74e,e8fdf032-72ae-5ef1-95eb-51f2e0e932f8,4,WORKING,Y07,"KaushalSetu synthetic generator v2, seed 20260929",2026-09-28T12:00:00+05:30,"SYNTHETIC demo data (KaushalSetu SIH prototype): fictional entities, team-assumed numbers, not real or official statistics.",true
0a1bfc97-a7df-54e7-937c-0a7953c2c74e,1e25a505-fd48-577b-88ed-e864d13bc368,1,WORKING,Y07,"KaushalSetu synthetic generator v2, seed 20260929",2026-09-28T12:00:00+05:30,"SYNTHETIC demo data (KaushalSetu SIH prototype): fictional entities, team-assumed numbers, not real or official statistics.",true
0a1bfc97-a7df-54e7-937c-0a7953c2c74e,0cc28ce2-b102-59c5-9542-18cc8cd9ff62,10,WORKING,Y07,"KaushalSetu synthetic generator v2, seed 20260929",2026-09-28T12:00:00+05:30,"SYNTHETIC demo data (KaushalSetu SIH prototype): fictional entities, team-assumed numbers, not real or official statistics.",true
0a1bfc97-a7df-54e7-937c-0a7953c2c74e,40076c1f-63b2-5437-a4be-ff50b9423d53,2,WORKING,Y07,"KaushalSetu synthetic generator v2, seed 20260929",2026-09-28T12:00:00+05:30,"SYNTHETIC demo data (KaushalSetu SIH prototype): fictional entities, team-assumed numbers, not real or official statistics.",true
0a1bfc97-a7df-54e7-937c-0a7953c2c74e,aaaf5241-fb0b-5857-adc2-b57bc5a5d721,1,NOT_WORKING,Y07,"KaushalSetu synthetic generator v2, seed 20260929",2026-09-28T12:00:00+05:30,"SYNTHETIC demo data (KaushalSetu SIH prototype): fictional entities, team-assumed numbers, not real or official statistics.",true
0a1bfc97-a7df-54e7-937c-0a7953c2c74e,fbf969e2-c9a4-5cec-8620-a2f8e4294b1e,10,WORKING,Y07,"KaushalSetu synthetic generator v2, seed 20260929",2026-09-28T12:00:00+05:30,"SYNTHETIC demo data (KaushalSetu SIH prototype): fictional entities, team-assumed numbers, not real or official statistics.",true
0a1bfc97-a7df-54e7-937c-0a7953c2c74e,b16ef3d5-24d2-5bd2-847e-5816b714c309,4,WORKING,Y07,"KaushalSetu synthetic generator v2, seed 20260929",2026-09-28T12:00:00+05:30,"SYNTHETIC demo data (KaushalSetu SIH prototype): fictional entities, team-assumed numbers, not real or official statistics.",true
0a1bfc97-a7df-54e7-937c-0a7953c2c74e,67de3f8d-48bb-5c0a-bdd6-2710412e5d2a,10,WORKING,Y07,"KaushalSetu synthetic generator v2, seed 20260929",2026-09-28T12:00:00+05:30,"SYNTHETIC demo data (KaushalSetu SIH prototype): fictional entities, team-assumed numbers, not real or official statistics.",true
a544e542-10ec-5562-a948-c1b6d7662202,e8fdf032-72ae-5ef1-95eb-51f2e0e932f8,4,WORKING,Y07,"KaushalSetu synthetic generator v2, seed 20260929",2026-09-28T12:00:00+05:30,"SYNTHETIC demo data (KaushalSetu SIH prototype): fictional entities, team-assumed numbers, not real or official statistics.",true
a544e542-10ec-5562-a948-c1b6d7662202,0cc28ce2-b102-59c5-9542-18cc8cd9ff62,10,WORKING,Y07,"KaushalSetu synthetic generator v2, seed 20260929",2026-09-28T12:00:00+05:30,"SYNTHETIC demo data (KaushalSetu SIH prototype): fictional entities, team-assumed numbers, not real or official statistics.",true
a544e542-10ec-5562-a948-c1b6d7662202,40076c1f-63b2-5437-a4be-ff50b9423d53,2,WORKING,Y07,"KaushalSetu synthetic generator v2, seed 20260929",2026-09-28T12:00:00+05:30,"SYNTHETIC demo data (KaushalSetu SIH prototype): fictional entities, team-assumed numbers, not real or official statistics.",true
a544e542-10ec-5562-a948-c1b6d7662202,aaaf5241-fb0b-5857-adc2-b57bc5a5d721,1,WORKING,Y07,"KaushalSetu synthetic generator v2, seed 20260929",2026-09-28T12:00:00+05:30,"SYNTHETIC demo data (KaushalSetu SIH prototype): fictional entities, team-assumed numbers, not real or official statistics.",true
a544e542-10ec-5562-a948-c1b6d7662202,fbf969e2-c9a4-5cec-8620-a2f8e4294b1e,10,NOT_WORKING,Y07,"KaushalSetu synthetic generator v2, seed 20260929",2026-09-28T12:00:00+05:30,"SYNTHETIC demo data (KaushalSetu SIH prototype): fictional entities, team-assumed numbers, not real or official statistics.",true
a544e542-10ec-5562-a948-c1b6d7662202,b16ef3d5-24d2-5bd2-847e-5816b714c309,4,NEEDS_REPAIR,Y07,"KaushalSetu synthetic generator v2, seed 20260929",2026-09-28T12:00:00+05:30,"SYNTHETIC demo data (KaushalSetu SIH prototype): fictional entities, team-assumed numbers, not real or official statistics.",true
a544e542-10ec-5562-a948-c1b6d7662202,8d166ca5-4e2a-5830-aaad-5c7f21019f52,2,NEEDS_REPAIR,Y07,"KaushalSetu synthetic generator v2, seed 20260929",2026-09-28T12:00:00+05:30,"SYNTHETIC demo data (KaushalSetu SIH prototype): fictional entities, team-assumed numbers, not real or official statistics.",true
a544e542-10ec-5562-a948-c1b6d7662202,d11b46ec-9351-5e94-851e-6cb83c15cb37,2,WORKING,Y07,"KaushalSetu synthetic generator v2, seed 20260929",2026-09-28T12:00:00+05:30,"SYNTHETIC demo data (KaushalSetu SIH prototype): fictional entities, team-assumed numbers, not real or official statistics.",true
a544e542-10ec-5562-a948-c1b6d7662202,67de3f8d-48bb-5c0a-bdd6-2710412e5d2a,10,WORKING,Y07,"KaushalSetu synthetic generator v2, seed 20260929",2026-09-28T12:00:00+05:30,"SYNTHETIC demo data (KaushalSetu SIH prototype): fictional entities, team-assumed numbers, not real or official statistics.",true
a544e542-10ec-5562-a948-c1b6d7662202,5b01d0d0-dc9f-5164-87e7-fa8f683edacc,1,WORKING,Y07,"KaushalSetu synthetic generator v2, seed 20260929",2026-09-28T12:00:00+05:30,"SYNTHETIC demo data (KaushalSetu SIH prototype): fictional entities, team-assumed numbers, not real or official statistics.",true
a544e542-10ec-5562-a948-c1b6d7662202,16f2ea61-1008-5c1b-b059-fc1785248b2c,1,WORKING,Y07,"KaushalSetu synthetic generator v2, seed 20260929",2026-09-28T12:00:00+05:30,"SYNTHETIC demo data (KaushalSetu SIH prototype): fictional entities, team-assumed numbers, not real or official statistics.",true
a544e542-10ec-5562-a948-c1b6d7662202,6bb02ec2-eed8-5e21-8b66-10c8c1c09d1b,1,NEEDS_REPAIR,Y07,"KaushalSetu synthetic generator v2, seed 20260929",2026-09-28T12:00:00+05:30,"SYNTHETIC demo data (KaushalSetu SIH prototype): fictional entities, team-assumed numbers, not real or official statistics.",true
a544e542-10ec-5562-a948-c1b6d7662202,d2fc9fad-254a-53d6-998c-8b0820f080be,6,WORKING,Y07,"KaushalSetu synthetic generator v2, seed 20260929",2026-09-28T12:00:00+05:30,"SYNTHETIC demo data (KaushalSetu SIH prototype): fictional entities, team-assumed numbers, not real or official statistics.",true
b9528430-ebb4-544a-b476-b0531181eea6,e8fdf032-72ae-5ef1-95eb-51f2e0e932f8,4,NEEDS_REPAIR,Y07,"KaushalSetu synthetic generator v2, seed 20260929",2026-09-28T12:00:00+05:30,"SYNTHETIC demo data (KaushalSetu SIH prototype): fictional entities, team-assumed numbers, not real or official statistics.",true
b9528430-ebb4-544a-b476-b0531181eea6,0cc28ce2-b102-59c5-9542-18cc8cd9ff62,10,NEEDS_REPAIR,Y07,"KaushalSetu synthetic generator v2, seed 20260929",2026-09-28T12:00:00+05:30,"SYNTHETIC demo data (KaushalSetu SIH prototype): fictional entities, team-assumed numbers, not real or official statistics.",true
b9528430-ebb4-544a-b476-b0531181eea6,40076c1f-63b2-5437-a4be-ff50b9423d53,2,WORKING,Y07,"KaushalSetu synthetic generator v2, seed 20260929",2026-09-28T12:00:00+05:30,"SYNTHETIC demo data (KaushalSetu SIH prototype): fictional entities, team-assumed numbers, not real or official statistics.",true
b9528430-ebb4-544a-b476-b0531181eea6,aaaf5241-fb0b-5857-adc2-b57bc5a5d721,1,WORKING,Y07,"KaushalSetu synthetic generator v2, seed 20260929",2026-09-28T12:00:00+05:30,"SYNTHETIC demo data (KaushalSetu SIH prototype): fictional entities, team-assumed numbers, not real or official statistics.",true
b9528430-ebb4-544a-b476-b0531181eea6,fbf969e2-c9a4-5cec-8620-a2f8e4294b1e,10,WORKING,Y07,"KaushalSetu synthetic generator v2, seed 20260929",2026-09-28T12:00:00+05:30,"SYNTHETIC demo data (KaushalSetu SIH prototype): fictional entities, team-assumed numbers, not real or official statistics.",true
b9528430-ebb4-544a-b476-b0531181eea6,b16ef3d5-24d2-5bd2-847e-5816b714c309,4,NEEDS_REPAIR,Y07,"KaushalSetu synthetic generator v2, seed 20260929",2026-09-28T12:00:00+05:30,"SYNTHETIC demo data (KaushalSetu SIH prototype): fictional entities, team-assumed numbers, not real or official statistics.",true
b9528430-ebb4-544a-b476-b0531181eea6,8d166ca5-4e2a-5830-aaad-5c7f21019f52,2,WORKING,Y07,"KaushalSetu synthetic generator v2, seed 20260929",2026-09-28T12:00:00+05:30,"SYNTHETIC demo data (KaushalSetu SIH prototype): fictional entities, team-assumed numbers, not real or official statistics.",true
b9528430-ebb4-544a-b476-b0531181eea6,d11b46ec-9351-5e94-851e-6cb83c15cb37,2,NEEDS_REPAIR,Y07,"KaushalSetu synthetic generator v2, seed 20260929",2026-09-28T12:00:00+05:30,"SYNTHETIC demo data (KaushalSetu SIH prototype): fictional entities, team-assumed numbers, not real or official statistics.",true
b9528430-ebb4-544a-b476-b0531181eea6,67de3f8d-48bb-5c0a-bdd6-2710412e5d2a,10,WORKING,Y07,"KaushalSetu synthetic generator v2, seed 20260929",2026-09-28T12:00:00+05:30,"SYNTHETIC demo data (KaushalSetu SIH prototype): fictional entities, team-assumed numbers, not real or official statistics.",true
559407cf-984a-5e5f-aa4e-1e5a396e1c2b,fd9fa00b-4f04-5c92-9af3-fa13e3516f39,1,WORKING,Y07,"KaushalSetu synthetic generator v2, seed 20260929",2026-09-28T12:00:00+05:30,"SYNTHETIC demo data (KaushalSetu SIH prototype): fictional entities, team-assumed numbers, not real or official statistics.",true
559407cf-984a-5e5f-aa4e-1e5a396e1c2b,e8fdf032-72ae-5ef1-95eb-51f2e0e932f8,4,WORKING,Y07,"KaushalSetu synthetic generator v2, seed 20260929",2026-09-28T12:00:00+05:30,"SYNTHETIC demo data (KaushalSetu SIH prototype): fictional entities, team-assumed numbers, not real or official statistics.",true
559407cf-984a-5e5f-aa4e-1e5a396e1c2b,0cc28ce2-b102-59c5-9542-18cc8cd9ff62,10,NEEDS_REPAIR,Y07,"KaushalSetu synthetic generator v2, seed 20260929",2026-09-28T12:00:00+05:30,"SYNTHETIC demo data (KaushalSetu SIH prototype): fictional entities, team-assumed numbers, not real or official statistics.",true
559407cf-984a-5e5f-aa4e-1e5a396e1c2b,40076c1f-63b2-5437-a4be-ff50b9423d53,2,WORKING,Y07,"KaushalSetu synthetic generator v2, seed 20260929",2026-09-28T12:00:00+05:30,"SYNTHETIC demo data (KaushalSetu SIH prototype): fictional entities, team-assumed numbers, not real or official statistics.",true
559407cf-984a-5e5f-aa4e-1e5a396e1c2b,aaaf5241-fb0b-5857-adc2-b57bc5a5d721,1,WORKING,Y07,"KaushalSetu synthetic generator v2, seed 20260929",2026-09-28T12:00:00+05:30,"SYNTHETIC demo data (KaushalSetu SIH prototype): fictional entities, team-assumed numbers, not real or official statistics.",true
559407cf-984a-5e5f-aa4e-1e5a396e1c2b,fbf969e2-c9a4-5cec-8620-a2f8e4294b1e,10,WORKING,Y07,"KaushalSetu synthetic generator v2, seed 20260929",2026-09-28T12:00:00+05:30,"SYNTHETIC demo data (KaushalSetu SIH prototype): fictional entities, team-assumed numbers, not real or official statistics.",true
559407cf-984a-5e5f-aa4e-1e5a396e1c2b,b16ef3d5-24d2-5bd2-847e-5816b714c309,4,WORKING,Y07,"KaushalSetu synthetic generator v2, seed 20260929",2026-09-28T12:00:00+05:30,"SYNTHETIC demo data (KaushalSetu SIH prototype): fictional entities, team-assumed numbers, not real or official statistics.",true
559407cf-984a-5e5f-aa4e-1e5a396e1c2b,67de3f8d-48bb-5c0a-bdd6-2710412e5d2a,10,WORKING,Y07,"KaushalSetu synthetic generator v2, seed 20260929",2026-09-28T12:00:00+05:30,"SYNTHETIC demo data (KaushalSetu SIH prototype): fictional entities, team-assumed numbers, not real or official statistics.",true
559407cf-984a-5e5f-aa4e-1e5a396e1c2b,5b01d0d0-dc9f-5164-87e7-fa8f683edacc,1,WORKING,Y07,"KaushalSetu synthetic generator v2, seed 20260929",2026-09-28T12:00:00+05:30,"SYNTHETIC demo data (KaushalSetu SIH prototype): fictional entities, team-assumed numbers, not real or official statistics.",true
559407cf-984a-5e5f-aa4e-1e5a396e1c2b,16f2ea61-1008-5c1b-b059-fc1785248b2c,1,NEEDS_REPAIR,Y07,"KaushalSetu synthetic generator v2, seed 20260929",2026-09-28T12:00:00+05:30,"SYNTHETIC demo data (KaushalSetu SIH prototype): fictional entities, team-assumed numbers, not real or official statistics.",true
559407cf-984a-5e5f-aa4e-1e5a396e1c2b,6bb02ec2-eed8-5e21-8b66-10c8c1c09d1b,1,NEEDS_REPAIR,Y07,"KaushalSetu synthetic generator v2, seed 20260929",2026-09-28T12:00:00+05:30,"SYNTHETIC demo data (KaushalSetu SIH prototype): fictional entities, team-assumed numbers, not real or official statistics.",true
559407cf-984a-5e5f-aa4e-1e5a396e1c2b,d2fc9fad-254a-53d6-998c-8b0820f080be,6,WORKING,Y07,"KaushalSetu synthetic generator v2, seed 20260929",2026-09-28T12:00:00+05:30,"SYNTHETIC demo data (KaushalSetu SIH prototype): fictional entities, team-assumed numbers, not real or official statistics.",true
78b1a0b6-76ac-577a-b682-d55c09c0a608,e8fdf032-72ae-5ef1-95eb-51f2e0e932f8,4,WORKING,Y07,"KaushalSetu synthetic generator v2, seed 20260929",2026-09-28T12:00:00+05:30,"SYNTHETIC demo data (KaushalSetu SIH prototype): fictional entities, team-assumed numbers, not real or official statistics.",true
78b1a0b6-76ac-577a-b682-d55c09c0a608,0cc28ce2-b102-59c5-9542-18cc8cd9ff62,10,WORKING,Y07,"KaushalSetu synthetic generator v2, seed 20260929",2026-09-28T12:00:00+05:30,"SYNTHETIC demo data (KaushalSetu SIH prototype): fictional entities, team-assumed numbers, not real or official statistics.",true
78b1a0b6-76ac-577a-b682-d55c09c0a608,40076c1f-63b2-5437-a4be-ff50b9423d53,2,WORKING,Y07,"KaushalSetu synthetic generator v2, seed 20260929",2026-09-28T12:00:00+05:30,"SYNTHETIC demo data (KaushalSetu SIH prototype): fictional entities, team-assumed numbers, not real or official statistics.",true
78b1a0b6-76ac-577a-b682-d55c09c0a608,aaaf5241-fb0b-5857-adc2-b57bc5a5d721,1,WORKING,Y07,"KaushalSetu synthetic generator v2, seed 20260929",2026-09-28T12:00:00+05:30,"SYNTHETIC demo data (KaushalSetu SIH prototype): fictional entities, team-assumed numbers, not real or official statistics.",true
78b1a0b6-76ac-577a-b682-d55c09c0a608,fbf969e2-c9a4-5cec-8620-a2f8e4294b1e,10,WORKING,Y07,"KaushalSetu synthetic generator v2, seed 20260929",2026-09-28T12:00:00+05:30,"SYNTHETIC demo data (KaushalSetu SIH prototype): fictional entities, team-assumed numbers, not real or official statistics.",true
78b1a0b6-76ac-577a-b682-d55c09c0a608,b16ef3d5-24d2-5bd2-847e-5816b714c309,4,WORKING,Y07,"KaushalSetu synthetic generator v2, seed 20260929",2026-09-28T12:00:00+05:30,"SYNTHETIC demo data (KaushalSetu SIH prototype): fictional entities, team-assumed numbers, not real or official statistics.",true
78b1a0b6-76ac-577a-b682-d55c09c0a608,8d166ca5-4e2a-5830-aaad-5c7f21019f52,2,WORKING,Y07,"KaushalSetu synthetic generator v2, seed 20260929",2026-09-28T12:00:00+05:30,"SYNTHETIC demo data (KaushalSetu SIH prototype): fictional entities, team-assumed numbers, not real or official statistics.",true
78b1a0b6-76ac-577a-b682-d55c09c0a608,d11b46ec-9351-5e94-851e-6cb83c15cb37,2,WORKING,Y07,"KaushalSetu synthetic generator v2, seed 20260929",2026-09-28T12:00:00+05:30,"SYNTHETIC demo data (KaushalSetu SIH prototype): fictional entities, team-assumed numbers, not real or official statistics.",true
78b1a0b6-76ac-577a-b682-d55c09c0a608,67de3f8d-48bb-5c0a-bdd6-2710412e5d2a,10,WORKING,Y07,"KaushalSetu synthetic generator v2, seed 20260929",2026-09-28T12:00:00+05:30,"SYNTHETIC demo data (KaushalSetu SIH prototype): fictional entities, team-assumed numbers, not real or official statistics.",true
f8a9a706-6d2e-57aa-887d-3828a532ce45,aaaf5241-fb0b-5857-adc2-b57bc5a5d721,1,NEEDS_REPAIR,Y07,"KaushalSetu synthetic generator v2, seed 20260929",2026-09-28T12:00:00+05:30,"SYNTHETIC demo data (KaushalSetu SIH prototype): fictional entities, team-assumed numbers, not real or official statistics.",true
f8a9a706-6d2e-57aa-887d-3828a532ce45,fbf969e2-c9a4-5cec-8620-a2f8e4294b1e,10,NEEDS_REPAIR,Y07,"KaushalSetu synthetic generator v2, seed 20260929",2026-09-28T12:00:00+05:30,"SYNTHETIC demo data (KaushalSetu SIH prototype): fictional entities, team-assumed numbers, not real or official statistics.",true
f8a9a706-6d2e-57aa-887d-3828a532ce45,b16ef3d5-24d2-5bd2-847e-5816b714c309,4,WORKING,Y07,"KaushalSetu synthetic generator v2, seed 20260929",2026-09-28T12:00:00+05:30,"SYNTHETIC demo data (KaushalSetu SIH prototype): fictional entities, team-assumed numbers, not real or official statistics.",true
f8a9a706-6d2e-57aa-887d-3828a532ce45,67de3f8d-48bb-5c0a-bdd6-2710412e5d2a,10,WORKING,Y07,"KaushalSetu synthetic generator v2, seed 20260929",2026-09-28T12:00:00+05:30,"SYNTHETIC demo data (KaushalSetu SIH prototype): fictional entities, team-assumed numbers, not real or official statistics.",true
