id,code,name,institute_type,ownership,district_id,official_code,official_code_scheme,official_code_verified,source,source_ref,fetched_at,license_note,is_synthetic
d14d2014-ee89-5e54-bea6-76bbc590a3e1,EX-ITI-A,"Example ITI A, Nashik",ITI,GOVERNMENT,fd3a219f-22fb-5952-b605-24e02df41044,,,false,Y14,"KaushalSetu synthetic generator v2, seed 20260929",2026-09-28T12:00:00+05:30,"SYNTHETIC demo data (KaushalSetu SIH prototype): fictional entities, team-assumed numbers, not real or official statistics.",true
3a7c32d9-7ca6-5544-86a7-cb4db7032651,EX-ITI-B,"Example ITI B, Nashik",ITI,PRIVATE,fd3a219f-22fb-5952-b605-24e02df41044,,,false,Y14,"KaushalSetu synthetic generator v2, seed 20260929",2026-09-28T12:00:00+05:30,"SYNTHETIC demo data (KaushalSetu SIH prototype): fictional entities, team-assumed numbers, not real or official statistics.",true
2e673078-52f9-5516-977f-a174f6c8483b,EX-TC-C,"Example Skill Centre C, Nashik",PMKVY_TC,PRIVATE,fd3a219f-22fb-5952-b605-24e02df41044,,,false,Y14,"KaushalSetu synthetic generator v2, seed 20260929",2026-09-28T12:00:00+05:30,"SYNTHETIC demo data (KaushalSetu SIH prototype): fictional entities, team-assumed numbers, not real or official statistics.",true
934accd7-4dfc-5f36-8c9f-8e94260f8225,EX-ITI-D,"Example ITI D, Pune",ITI,GOVERNMENT,05d7354b-c53f-5e04-95e5-eb977f8c1379,,,false,Y14,"KaushalSetu synthetic generator v2, seed 20260929",2026-09-28T12:00:00+05:30,"SYNTHETIC demo data (KaushalSetu SIH prototype): fictional entities, team-assumed numbers, not real or official statistics.",true
0a1bfc97-a7df-54e7-937c-0a7953c2c74e,EX-TC-E,"Example EV Skills Centre E, Pune",PMKVY_TC,PRIVATE,05d7354b-c53f-5e04-95e5-eb977f8c1379,,,false,Y14,"KaushalSetu synthetic generator v2, seed 20260929",2026-09-28T12:00:00+05:30,"SYNTHETIC demo data (KaushalSetu SIH prototype): fictional entities, team-assumed numbers, not real or official statistics.",true
a544e542-10ec-5562-a948-c1b6d7662202,EX-ITI-F,"Example ITI F, Pune",ITI,PRIVATE,05d7354b-c53f-5e04-95e5-eb977f8c1379,,,false,Y14,"KaushalSetu synthetic generator v2, seed 20260929",2026-09-28T12:00:00+05:30,"SYNTHETIC demo data (KaushalSetu SIH prototype): fictional entities, team-assumed numbers, not real or official statistics.",true
b9528430-ebb4-544a-b476-b0531181eea6,EX-ITI-G,"Example ITI G, Nagpur",ITI,GOVERNMENT,944d9d62-c375-5e41-8420-b65a108a0a38,,,false,Y14,"KaushalSetu synthetic generator v2, seed 20260929",2026-09-28T12:00:00+05:30,"SYNTHETIC demo data (KaushalSetu SIH prototype): fictional entities, team-assumed numbers, not real or official statistics.",true
559407cf-984a-5e5f-aa4e-1e5a396e1c2b,EX-TC-H,"Example Training Centre H, Nagpur",PMKVY_TC,PRIVATE,944d9d62-c375-5e41-8420-b65a108a0a38,,,false,Y14,"KaushalSetu synthetic generator v2, seed 20260929",2026-09-28T12:00:00+05:30,"SYNTHETIC demo data (KaushalSetu SIH prototype): fictional entities, team-assumed numbers, not real or official statistics.",true
78b1a0b6-76ac-577a-b682-d55c09c0a608,EX-ITI-J,"Example ITI J, Kolhapur",ITI,GOVERNMENT,d8954509-dece-5c60-9466-34cd75d462cb,,,false,Y14,"KaushalSetu synthetic generator v2, seed 20260929",2026-09-28T12:00:00+05:30,"SYNTHETIC demo data (KaushalSetu SIH prototype): fictional entities, team-assumed numbers, not real or official statistics.",true
f8a9a706-6d2e-57aa-887d-3828a532ce45,EX-ITI-K,"Example ITI K, Kolhapur",ITI,PRIVATE,d8954509-dece-5c60-9466-34cd75d462cb,,,false,Y14,"KaushalSetu synthetic generator v2, seed 20260929",2026-09-28T12:00:00+05:30,"SYNTHETIC demo data (KaushalSetu SIH prototype): fictional entities, team-assumed numbers, not real or official statistics.",true
