module_id,skill_id,band_taught,review_status,source,source_ref,fetched_at,license_note,is_synthetic
165f3729-9659-595f-9a20-e1fa2968572a,8ef0b61f-e058-55ff-b569-058bf9c2611a,3,APPROVED,Y13,"KaushalSetu synthetic generator v2, seed 20260929",2026-09-28T12:00:00+05:30,"SYNTHETIC demo data (KaushalSetu SIH prototype): fictional entities, team-assumed numbers, not real or official statistics.",true
165f3729-9659-595f-9a20-e1fa2968572a,fe1f87ba-b22b-51e9-a579-2156f00496b3,2,APPROVED,Y13,"KaushalSetu synthetic generator v2, seed 20260929",2026-09-28T12:00:00+05:30,"SYNTHETIC demo data (KaushalSetu SIH prototype): fictional entities, team-assumed numbers, not real or official statistics.",true
165f3729-9659-595f-9a20-e1fa2968572a,96e0656b-71f0-5ac1-b138-404f9c466e52,1,APPROVED,Y13,"KaushalSetu synthetic generator v2, seed 20260929",2026-09-28T12:00:00+05:30,"SYNTHETIC demo data (KaushalSetu SIH prototype): fictional entities, team-assumed numbers, not real or official statistics.",true
165f3729-9659-595f-9a20-e1fa2968572a,7e6124ac-bc49-5c38-a1d9-1ee974ba0c90,1,APPROVED,Y13,"KaushalSetu synthetic generator v2, seed 20260929",2026-09-28T12:00:00+05:30,"SYNTHETIC demo data (KaushalSetu SIH prototype): fictional entities, team-assumed numbers, not real or official statistics.",true
48a69b01-93b7-54fb-9d05-f72b63cd2f07,1410f386-d9ff-5480-898b-1c4f925f7b61,3,APPROVED,Y13,"KaushalSetu synthetic generator v2, seed 20260929",2026-09-28T12:00:00+05:30,"SYNTHETIC demo data (KaushalSetu SIH prototype): fictional entities, team-assumed numbers, not real or official statistics.",true
48a69b01-93b7-54fb-9d05-f72b63cd2f07,aceccee2-272c-51f4-9894-7cda2515bace,1,APPROVED,Y13,"KaushalSetu synthetic generator v2, seed 20260929",2026-09-28T12:00:00+05:30,"SYNTHETIC demo data (KaushalSetu SIH prototype): fictional entities, team-assumed numbers, not real or official statistics.",true
26d39a1b-2620-5b4f-9e75-2a931e4a6c2c,dd8d79cf-0adb-5b51-bc22-17e07695f258,2,APPROVED,Y13,"KaushalSetu synthetic generator v2, seed 20260929",2026-09-28T12:00:00+05:30,"SYNTHETIC demo data (KaushalSetu SIH prototype): fictional entities, team-assumed numbers, not real or official statistics.",true
8a8f5bff-8e2f-561b-a3fc-76f606386cce,3a7a7093-1c3d-5e15-94d0-dcbac3794d85,3,APPROVED,Y13,"KaushalSetu synthetic generator v2, seed 20260929",2026-09-28T12:00:00+05:30,"SYNTHETIC demo data (KaushalSetu SIH prototype): fictional entities, team-assumed numbers, not real or official statistics.",true
5a6d86d0-3a61-519b-ba3e-43784f1b92d8,8ef0b61f-e058-55ff-b569-058bf9c2611a,2,APPROVED,Y13,"KaushalSetu synthetic generator v2, seed 20260929",2026-09-28T12:00:00+05:30,"SYNTHETIC demo data (KaushalSetu SIH prototype): fictional entities, team-assumed numbers, not real or official statistics.",true
5a6d86d0-3a61-519b-ba3e-43784f1b92d8,fe1f87ba-b22b-51e9-a579-2156f00496b3,2,APPROVED,Y13,"KaushalSetu synthetic generator v2, seed 20260929",2026-09-28T12:00:00+05:30,"SYNTHETIC demo data (KaushalSetu SIH prototype): fictional entities, team-assumed numbers, not real or official statistics.",true
e4123cc3-a01e-5428-b50d-ae4f5550c8a3,7e6124ac-bc49-5c38-a1d9-1ee974ba0c90,2,APPROVED,Y13,"KaushalSetu synthetic generator v2, seed 20260929",2026-09-28T12:00:00+05:30,"SYNTHETIC demo data (KaushalSetu SIH prototype): fictional entities, team-assumed numbers, not real or official statistics.",true
0bc2227f-33ce-5c0b-aa8d-dacd34b67941,1410f386-d9ff-5480-898b-1c4f925f7b61,2,APPROVED,Y13,"KaushalSetu synthetic generator v2, seed 20260929",2026-09-28T12:00:00+05:30,"SYNTHETIC demo data (KaushalSetu SIH prototype): fictional entities, team-assumed numbers, not real or official statistics.",true
efd178e0-9fc5-5a46-a951-d79f6ffab855,aceccee2-272c-51f4-9894-7cda2515bace,3,APPROVED,Y13,"KaushalSetu synthetic generator v2, seed 20260929",2026-09-28T12:00:00+05:30,"SYNTHETIC demo data (KaushalSetu SIH prototype): fictional entities, team-assumed numbers, not real or official statistics.",true
efd178e0-9fc5-5a46-a951-d79f6ffab855,1410f386-d9ff-5480-898b-1c4f925f7b61,2,APPROVED,Y13,"KaushalSetu synthetic generator v2, seed 20260929",2026-09-28T12:00:00+05:30,"SYNTHETIC demo data (KaushalSetu SIH prototype): fictional entities, team-assumed numbers, not real or official statistics.",true
56ea12c6-e6c8-557d-9932-684c9bf2e786,f0af4a4e-db42-51ed-87e3-58e26be3ece6,3,APPROVED,Y13,"KaushalSetu synthetic generator v2, seed 20260929",2026-09-28T12:00:00+05:30,"SYNTHETIC demo data (KaushalSetu SIH prototype): fictional entities, team-assumed numbers, not real or official statistics.",true
56ea12c6-e6c8-557d-9932-684c9bf2e786,96e0656b-71f0-5ac1-b138-404f9c466e52,2,APPROVED,Y13,"KaushalSetu synthetic generator v2, seed 20260929",2026-09-28T12:00:00+05:30,"SYNTHETIC demo data (KaushalSetu SIH prototype): fictional entities, team-assumed numbers, not real or official statistics.",true
b490813c-d14d-5e66-b040-cad7530c73b4,a839ef92-1395-54fb-b1cf-f0402a1eb876,3,APPROVED,Y13,"KaushalSetu synthetic generator v2, seed 20260929",2026-09-28T12:00:00+05:30,"SYNTHETIC demo data (KaushalSetu SIH prototype): fictional entities, team-assumed numbers, not real or official statistics.",true
2a2dcb86-9310-5f48-85ed-e21afb34aabb,3256b36d-74be-5c93-9b78-6c87262cf990,2,APPROVED,Y13,"KaushalSetu synthetic generator v2, seed 20260929",2026-09-28T12:00:00+05:30,"SYNTHETIC demo data (KaushalSetu SIH prototype): fictional entities, team-assumed numbers, not real or official statistics.",true
afef4c34-05e3-5451-b83e-2a4d2fe920f9,34cfb2ed-4ae1-5f12-84ad-9164264b4d79,2,APPROVED,Y13,"KaushalSetu synthetic generator v2, seed 20260929",2026-09-28T12:00:00+05:30,"SYNTHETIC demo data (KaushalSetu SIH prototype): fictional entities, team-assumed numbers, not real or official statistics.",true
ff82f381-6b3a-51bf-ad1f-b947427fbfa4,a81a6b02-0664-5e71-b730-da8e67473011,3,APPROVED,Y13,"KaushalSetu synthetic generator v2, seed 20260929",2026-09-28T12:00:00+05:30,"SYNTHETIC demo data (KaushalSetu SIH prototype): fictional entities, team-assumed numbers, not real or official statistics.",true
bd553777-13f3-5a45-b5cb-85f8bad83d9a,8ef0b61f-e058-55ff-b569-058bf9c2611a,2,APPROVED,Y13,"KaushalSetu synthetic generator v2, seed 20260929",2026-09-28T12:00:00+05:30,"SYNTHETIC demo data (KaushalSetu SIH prototype): fictional entities, team-assumed numbers, not real or official statistics.",true
bd553777-13f3-5a45-b5cb-85f8bad83d9a,fe1f87ba-b22b-51e9-a579-2156f00496b3,2,APPROVED,Y13,"KaushalSetu synthetic generator v2, seed 20260929",2026-09-28T12:00:00+05:30,"SYNTHETIC demo data (KaushalSetu SIH prototype): fictional entities, team-assumed numbers, not real or official statistics.",true
bd553777-13f3-5a45-b5cb-85f8bad83d9a,7e6124ac-bc49-5c38-a1d9-1ee974ba0c90,2,APPROVED,Y13,"KaushalSetu synthetic generator v2, seed 20260929",2026-09-28T12:00:00+05:30,"SYNTHETIC demo data (KaushalSetu SIH prototype): fictional entities, team-assumed numbers, not real or official statistics.",true
a93e85fd-fe82-524b-948d-5846b31820ea,1410f386-d9ff-5480-898b-1c4f925f7b61,2,APPROVED,Y13,"KaushalSetu synthetic generator v2, seed 20260929",2026-09-28T12:00:00+05:30,"SYNTHETIC demo data (KaushalSetu SIH prototype): fictional entities, team-assumed numbers, not real or official statistics.",true
a93e85fd-fe82-524b-948d-5846b31820ea,aceccee2-272c-51f4-9894-7cda2515bace,2,APPROVED,Y13,"KaushalSetu synthetic generator v2, seed 20260929",2026-09-28T12:00:00+05:30,"SYNTHETIC demo data (KaushalSetu SIH prototype): fictional entities, team-assumed numbers, not real or official statistics.",true
a93e85fd-fe82-524b-948d-5846b31820ea,96e0656b-71f0-5ac1-b138-404f9c466e52,2,APPROVED,Y13,"KaushalSetu synthetic generator v2, seed 20260929",2026-09-28T12:00:00+05:30,"SYNTHETIC demo data (KaushalSetu SIH prototype): fictional entities, team-assumed numbers, not real or official statistics.",true
c6a2d131-cade-57bc-a2e3-9e446ed84efb,57a4805a-91b2-5fc9-8633-cab452170c5a,2,APPROVED,Y13,"KaushalSetu synthetic generator v2, seed 20260929",2026-09-28T12:00:00+05:30,"SYNTHETIC demo data (KaushalSetu SIH prototype): fictional entities, team-assumed numbers, not real or official statistics.",true
596c640a-b722-5d8b-b85d-9d4b5ca88908,2a20981d-4161-5d60-a95d-5152cbed8f9c,3,APPROVED,Y13,"KaushalSetu synthetic generator v2, seed 20260929",2026-09-28T12:00:00+05:30,"SYNTHETIC demo data (KaushalSetu SIH prototype): fictional entities, team-assumed numbers, not real or official statistics.",true
596c640a-b722-5d8b-b85d-9d4b5ca88908,91acb70e-5f82-5058-a31e-34af08f6695f,2,APPROVED,Y13,"KaushalSetu synthetic generator v2, seed 20260929",2026-09-28T12:00:00+05:30,"SYNTHETIC demo data (KaushalSetu SIH prototype): fictional entities, team-assumed numbers, not real or official statistics.",true
286122cb-b804-5dc5-b31c-cf9db6ed6949,650f9a63-4d9b-568e-b619-5e9b28f26f84,2,APPROVED,Y13,"KaushalSetu synthetic generator v2, seed 20260929",2026-09-28T12:00:00+05:30,"SYNTHETIC demo data (KaushalSetu SIH prototype): fictional entities, team-assumed numbers, not real or official statistics.",true
286122cb-b804-5dc5-b31c-cf9db6ed6949,96e0656b-71f0-5ac1-b138-404f9c466e52,2,APPROVED,Y13,"KaushalSetu synthetic generator v2, seed 20260929",2026-09-28T12:00:00+05:30,"SYNTHETIC demo data (KaushalSetu SIH prototype): fictional entities, team-assumed numbers, not real or official statistics.",true
baeeeb8b-0308-57f8-8058-f9a1c9c37603,1410f386-d9ff-5480-898b-1c4f925f7b61,2,APPROVED,Y13,"KaushalSetu synthetic generator v2, seed 20260929",2026-09-28T12:00:00+05:30,"SYNTHETIC demo data (KaushalSetu SIH prototype): fictional entities, team-assumed numbers, not real or official statistics.",true
