role_id,skill_id,importance,required_band,source,source_ref,fetched_at,license_note,is_synthetic
c7df5212-ab60-5561-aa36-9acc415e9b5b,8ef0b61f-e058-55ff-b569-058bf9c2611a,1.0,3,Y13,"KaushalSetu synthetic generator v2, seed 20260929",2026-09-28T12:00:00+05:30,"SYNTHETIC demo data (KaushalSetu SIH prototype): fictional entities, team-assumed numbers, not real or official statistics.",true
c7df5212-ab60-5561-aa36-9acc415e9b5b,1410f386-d9ff-5480-898b-1c4f925f7b61,0.9,3,Y13,"KaushalSetu synthetic generator v2, seed 20260929",2026-09-28T12:00:00+05:30,"SYNTHETIC demo data (KaushalSetu SIH prototype): fictional entities, team-assumed numbers, not real or official statistics.",true
c7df5212-ab60-5561-aa36-9acc415e9b5b,96e0656b-71f0-5ac1-b138-404f9c466e52,0.7,2,Y13,"KaushalSetu synthetic generator v2, seed 20260929",2026-09-28T12:00:00+05:30,"SYNTHETIC demo data (KaushalSetu SIH prototype): fictional entities, team-assumed numbers, not real or official statistics.",true
c7df5212-ab60-5561-aa36-9acc415e9b5b,fe1f87ba-b22b-51e9-a579-2156f00496b3,0.6,2,Y13,"KaushalSetu synthetic generator v2, seed 20260929",2026-09-28T12:00:00+05:30,"SYNTHETIC demo data (KaushalSetu SIH prototype): fictional entities, team-assumed numbers, not real or official statistics.",true
c7df5212-ab60-5561-aa36-9acc415e9b5b,a78a7efa-aee5-51c7-bdf4-1d6222e68e23,0.6,2,Y13,"KaushalSetu synthetic generator v2, seed 20260929",2026-09-28T12:00:00+05:30,"SYNTHETIC demo data (KaushalSetu SIH prototype): fictional entities, team-assumed numbers, not real or official statistics.",true
c7df5212-ab60-5561-aa36-9acc415e9b5b,dd8d79cf-0adb-5b51-bc22-17e07695f258,0.5,2,Y13,"KaushalSetu synthetic generator v2, seed 20260929",2026-09-28T12:00:00+05:30,"SYNTHETIC demo data (KaushalSetu SIH prototype): fictional entities, team-assumed numbers, not real or official statistics.",true
c7df5212-ab60-5561-aa36-9acc415e9b5b,7e6124ac-bc49-5c38-a1d9-1ee974ba0c90,0.5,2,Y13,"KaushalSetu synthetic generator v2, seed 20260929",2026-09-28T12:00:00+05:30,"SYNTHETIC demo data (KaushalSetu SIH prototype): fictional entities, team-assumed numbers, not real or official statistics.",true
c7df5212-ab60-5561-aa36-9acc415e9b5b,a81a6b02-0664-5e71-b730-da8e67473011,0.5,2,Y13,"KaushalSetu synthetic generator v2, seed 20260929",2026-09-28T12:00:00+05:30,"SYNTHETIC demo data (KaushalSetu SIH prototype): fictional entities, team-assumed numbers, not real or official statistics.",true
c7df5212-ab60-5561-aa36-9acc415e9b5b,34cfb2ed-4ae1-5f12-84ad-9164264b4d79,0.3,2,Y13,"KaushalSetu synthetic generator v2, seed 20260929",2026-09-28T12:00:00+05:30,"SYNTHETIC demo data (KaushalSetu SIH prototype): fictional entities, team-assumed numbers, not real or official statistics.",true
2f571be3-597c-576f-8dbd-e8baff7c9dfe,8ef0b61f-e058-55ff-b569-058bf9c2611a,1.0,2,Y13,"KaushalSetu synthetic generator v2, seed 20260929",2026-09-28T12:00:00+05:30,"SYNTHETIC demo data (KaushalSetu SIH prototype): fictional entities, team-assumed numbers, not real or official statistics.",true
2f571be3-597c-576f-8dbd-e8baff7c9dfe,1410f386-d9ff-5480-898b-1c4f925f7b61,0.8,2,Y13,"KaushalSetu synthetic generator v2, seed 20260929",2026-09-28T12:00:00+05:30,"SYNTHETIC demo data (KaushalSetu SIH prototype): fictional entities, team-assumed numbers, not real or official statistics.",true
2f571be3-597c-576f-8dbd-e8baff7c9dfe,fe1f87ba-b22b-51e9-a579-2156f00496b3,0.7,2,Y13,"KaushalSetu synthetic generator v2, seed 20260929",2026-09-28T12:00:00+05:30,"SYNTHETIC demo data (KaushalSetu SIH prototype): fictional entities, team-assumed numbers, not real or official statistics.",true
2f571be3-597c-576f-8dbd-e8baff7c9dfe,7e6124ac-bc49-5c38-a1d9-1ee974ba0c90,0.7,2,Y13,"KaushalSetu synthetic generator v2, seed 20260929",2026-09-28T12:00:00+05:30,"SYNTHETIC demo data (KaushalSetu SIH prototype): fictional entities, team-assumed numbers, not real or official statistics.",true
2f571be3-597c-576f-8dbd-e8baff7c9dfe,96e0656b-71f0-5ac1-b138-404f9c466e52,0.4,1,Y13,"KaushalSetu synthetic generator v2, seed 20260929",2026-09-28T12:00:00+05:30,"SYNTHETIC demo data (KaushalSetu SIH prototype): fictional entities, team-assumed numbers, not real or official statistics.",true
03766387-41ff-5119-95b7-86ce19e0d729,3a7a7093-1c3d-5e15-94d0-dcbac3794d85,1.0,3,Y13,"KaushalSetu synthetic generator v2, seed 20260929",2026-09-28T12:00:00+05:30,"SYNTHETIC demo data (KaushalSetu SIH prototype): fictional entities, team-assumed numbers, not real or official statistics.",true
03766387-41ff-5119-95b7-86ce19e0d729,dd8d79cf-0adb-5b51-bc22-17e07695f258,0.7,2,Y13,"KaushalSetu synthetic generator v2, seed 20260929",2026-09-28T12:00:00+05:30,"SYNTHETIC demo data (KaushalSetu SIH prototype): fictional entities, team-assumed numbers, not real or official statistics.",true
03766387-41ff-5119-95b7-86ce19e0d729,96e0656b-71f0-5ac1-b138-404f9c466e52,0.5,2,Y13,"KaushalSetu synthetic generator v2, seed 20260929",2026-09-28T12:00:00+05:30,"SYNTHETIC demo data (KaushalSetu SIH prototype): fictional entities, team-assumed numbers, not real or official statistics.",true
03766387-41ff-5119-95b7-86ce19e0d729,1410f386-d9ff-5480-898b-1c4f925f7b61,0.5,2,Y13,"KaushalSetu synthetic generator v2, seed 20260929",2026-09-28T12:00:00+05:30,"SYNTHETIC demo data (KaushalSetu SIH prototype): fictional entities, team-assumed numbers, not real or official statistics.",true
45a4b4a2-7e42-55f6-933d-be42ed3a5b81,f0af4a4e-db42-51ed-87e3-58e26be3ece6,1.0,3,Y13,"KaushalSetu synthetic generator v2, seed 20260929",2026-09-28T12:00:00+05:30,"SYNTHETIC demo data (KaushalSetu SIH prototype): fictional entities, team-assumed numbers, not real or official statistics.",true
45a4b4a2-7e42-55f6-933d-be42ed3a5b81,a839ef92-1395-54fb-b1cf-f0402a1eb876,0.9,3,Y13,"KaushalSetu synthetic generator v2, seed 20260929",2026-09-28T12:00:00+05:30,"SYNTHETIC demo data (KaushalSetu SIH prototype): fictional entities, team-assumed numbers, not real or official statistics.",true
45a4b4a2-7e42-55f6-933d-be42ed3a5b81,aceccee2-272c-51f4-9894-7cda2515bace,0.9,3,Y13,"KaushalSetu synthetic generator v2, seed 20260929",2026-09-28T12:00:00+05:30,"SYNTHETIC demo data (KaushalSetu SIH prototype): fictional entities, team-assumed numbers, not real or official statistics.",true
45a4b4a2-7e42-55f6-933d-be42ed3a5b81,3256b36d-74be-5c93-9b78-6c87262cf990,0.7,2,Y13,"KaushalSetu synthetic generator v2, seed 20260929",2026-09-28T12:00:00+05:30,"SYNTHETIC demo data (KaushalSetu SIH prototype): fictional entities, team-assumed numbers, not real or official statistics.",true
45a4b4a2-7e42-55f6-933d-be42ed3a5b81,96e0656b-71f0-5ac1-b138-404f9c466e52,0.6,2,Y13,"KaushalSetu synthetic generator v2, seed 20260929",2026-09-28T12:00:00+05:30,"SYNTHETIC demo data (KaushalSetu SIH prototype): fictional entities, team-assumed numbers, not real or official statistics.",true
45a4b4a2-7e42-55f6-933d-be42ed3a5b81,1410f386-d9ff-5480-898b-1c4f925f7b61,0.6,2,Y13,"KaushalSetu synthetic generator v2, seed 20260929",2026-09-28T12:00:00+05:30,"SYNTHETIC demo data (KaushalSetu SIH prototype): fictional entities, team-assumed numbers, not real or official statistics.",true
45a4b4a2-7e42-55f6-933d-be42ed3a5b81,a81a6b02-0664-5e71-b730-da8e67473011,0.4,2,Y13,"KaushalSetu synthetic generator v2, seed 20260929",2026-09-28T12:00:00+05:30,"SYNTHETIC demo data (KaushalSetu SIH prototype): fictional entities, team-assumed numbers, not real or official statistics.",true
45a4b4a2-7e42-55f6-933d-be42ed3a5b81,34cfb2ed-4ae1-5f12-84ad-9164264b4d79,0.3,2,Y13,"KaushalSetu synthetic generator v2, seed 20260929",2026-09-28T12:00:00+05:30,"SYNTHETIC demo data (KaushalSetu SIH prototype): fictional entities, team-assumed numbers, not real or official statistics.",true
19cab99e-6d9d-55f2-8e67-70f21663603e,a81a6b02-0664-5e71-b730-da8e67473011,1.0,3,Y13,"KaushalSetu synthetic generator v2, seed 20260929",2026-09-28T12:00:00+05:30,"SYNTHETIC demo data (KaushalSetu SIH prototype): fictional entities, team-assumed numbers, not real or official statistics.",true
19cab99e-6d9d-55f2-8e67-70f21663603e,8ef0b61f-e058-55ff-b569-058bf9c2611a,0.7,3,Y13,"KaushalSetu synthetic generator v2, seed 20260929",2026-09-28T12:00:00+05:30,"SYNTHETIC demo data (KaushalSetu SIH prototype): fictional entities, team-assumed numbers, not real or official statistics.",true
19cab99e-6d9d-55f2-8e67-70f21663603e,fe1f87ba-b22b-51e9-a579-2156f00496b3,0.7,2,Y13,"KaushalSetu synthetic generator v2, seed 20260929",2026-09-28T12:00:00+05:30,"SYNTHETIC demo data (KaushalSetu SIH prototype): fictional entities, team-assumed numbers, not real or official statistics.",true
19cab99e-6d9d-55f2-8e67-70f21663603e,1410f386-d9ff-5480-898b-1c4f925f7b61,0.7,2,Y13,"KaushalSetu synthetic generator v2, seed 20260929",2026-09-28T12:00:00+05:30,"SYNTHETIC demo data (KaushalSetu SIH prototype): fictional entities, team-assumed numbers, not real or official statistics.",true
19cab99e-6d9d-55f2-8e67-70f21663603e,7e6124ac-bc49-5c38-a1d9-1ee974ba0c90,0.6,2,Y13,"KaushalSetu synthetic generator v2, seed 20260929",2026-09-28T12:00:00+05:30,"SYNTHETIC demo data (KaushalSetu SIH prototype): fictional entities, team-assumed numbers, not real or official statistics.",true
19cab99e-6d9d-55f2-8e67-70f21663603e,aceccee2-272c-51f4-9894-7cda2515bace,0.5,2,Y13,"KaushalSetu synthetic generator v2, seed 20260929",2026-09-28T12:00:00+05:30,"SYNTHETIC demo data (KaushalSetu SIH prototype): fictional entities, team-assumed numbers, not real or official statistics.",true
19cab99e-6d9d-55f2-8e67-70f21663603e,96e0656b-71f0-5ac1-b138-404f9c466e52,0.5,2,Y13,"KaushalSetu synthetic generator v2, seed 20260929",2026-09-28T12:00:00+05:30,"SYNTHETIC demo data (KaushalSetu SIH prototype): fictional entities, team-assumed numbers, not real or official statistics.",true
608cbacd-5b75-535a-92f4-6a1d0aa606f5,2a20981d-4161-5d60-a95d-5152cbed8f9c,1.0,3,Y13,"KaushalSetu synthetic generator v2, seed 20260929",2026-09-28T12:00:00+05:30,"SYNTHETIC demo data (KaushalSetu SIH prototype): fictional entities, team-assumed numbers, not real or official statistics.",true
608cbacd-5b75-535a-92f4-6a1d0aa606f5,91acb70e-5f82-5058-a31e-34af08f6695f,0.7,2,Y13,"KaushalSetu synthetic generator v2, seed 20260929",2026-09-28T12:00:00+05:30,"SYNTHETIC demo data (KaushalSetu SIH prototype): fictional entities, team-assumed numbers, not real or official statistics.",true
608cbacd-5b75-535a-92f4-6a1d0aa606f5,1410f386-d9ff-5480-898b-1c4f925f7b61,0.6,2,Y13,"KaushalSetu synthetic generator v2, seed 20260929",2026-09-28T12:00:00+05:30,"SYNTHETIC demo data (KaushalSetu SIH prototype): fictional entities, team-assumed numbers, not real or official statistics.",true
608cbacd-5b75-535a-92f4-6a1d0aa606f5,57a4805a-91b2-5fc9-8633-cab452170c5a,0.5,2,Y13,"KaushalSetu synthetic generator v2, seed 20260929",2026-09-28T12:00:00+05:30,"SYNTHETIC demo data (KaushalSetu SIH prototype): fictional entities, team-assumed numbers, not real or official statistics.",true
608cbacd-5b75-535a-92f4-6a1d0aa606f5,8ef0b61f-e058-55ff-b569-058bf9c2611a,0.5,2,Y13,"KaushalSetu synthetic generator v2, seed 20260929",2026-09-28T12:00:00+05:30,"SYNTHETIC demo data (KaushalSetu SIH prototype): fictional entities, team-assumed numbers, not real or official statistics.",true
b943fcf7-9b8c-5261-907f-3a3ad77dfba0,650f9a63-4d9b-568e-b619-5e9b28f26f84,1.0,3,Y13,"KaushalSetu synthetic generator v2, seed 20260929",2026-09-28T12:00:00+05:30,"SYNTHETIC demo data (KaushalSetu SIH prototype): fictional entities, team-assumed numbers, not real or official statistics.",true
b943fcf7-9b8c-5261-907f-3a3ad77dfba0,96e0656b-71f0-5ac1-b138-404f9c466e52,0.7,2,Y13,"KaushalSetu synthetic generator v2, seed 20260929",2026-09-28T12:00:00+05:30,"SYNTHETIC demo data (KaushalSetu SIH prototype): fictional entities, team-assumed numbers, not real or official statistics.",true
b943fcf7-9b8c-5261-907f-3a3ad77dfba0,2a20981d-4161-5d60-a95d-5152cbed8f9c,0.6,2,Y13,"KaushalSetu synthetic generator v2, seed 20260929",2026-09-28T12:00:00+05:30,"SYNTHETIC demo data (KaushalSetu SIH prototype): fictional entities, team-assumed numbers, not real or official statistics.",true
b943fcf7-9b8c-5261-907f-3a3ad77dfba0,1410f386-d9ff-5480-898b-1c4f925f7b61,0.6,2,Y13,"KaushalSetu synthetic generator v2, seed 20260929",2026-09-28T12:00:00+05:30,"SYNTHETIC demo data (KaushalSetu SIH prototype): fictional entities, team-assumed numbers, not real or official statistics.",true
b943fcf7-9b8c-5261-907f-3a3ad77dfba0,34cfb2ed-4ae1-5f12-84ad-9164264b4d79,0.3,2,Y13,"KaushalSetu synthetic generator v2, seed 20260929",2026-09-28T12:00:00+05:30,"SYNTHETIC demo data (KaushalSetu SIH prototype): fictional entities, team-assumed numbers, not real or official statistics.",true
