skill_id,equipment_id,qty_per_batch,source,source_ref,fetched_at,license_note,is_synthetic
f0af4a4e-db42-51ed-87e3-58e26be3ece6,a2eaacb7-0bc9-5a99-9342-388a4a5fe242,2,Y13,"KaushalSetu synthetic generator v2, seed 20260929",2026-09-28T12:00:00+05:30,"SYNTHETIC demo data (KaushalSetu SIH prototype): fictional entities, team-assumed numbers, not real or official statistics.",true
a839ef92-1395-54fb-b1cf-f0402a1eb876,d9499dfb-4d06-57b0-824b-9c22aab90436,1,Y13,"KaushalSetu synthetic generator v2, seed 20260929",2026-09-28T12:00:00+05:30,"SYNTHETIC demo data (KaushalSetu SIH prototype): fictional entities, team-assumed numbers, not real or official statistics.",true
a81a6b02-0664-5e71-b730-da8e67473011,fd9fa00b-4f04-5c92-9af3-fa13e3516f39,1,Y13,"KaushalSetu synthetic generator v2, seed 20260929",2026-09-28T12:00:00+05:30,"SYNTHETIC demo data (KaushalSetu SIH prototype): fictional entities, team-assumed numbers, not real or official statistics.",true
aceccee2-272c-51f4-9894-7cda2515bace,e8fdf032-72ae-5ef1-95eb-51f2e0e932f8,4,Y13,"KaushalSetu synthetic generator v2, seed 20260929",2026-09-28T12:00:00+05:30,"SYNTHETIC demo data (KaushalSetu SIH prototype): fictional entities, team-assumed numbers, not real or official statistics.",true
3256b36d-74be-5c93-9b78-6c87262cf990,1e25a505-fd48-577b-88ed-e864d13bc368,1,Y13,"KaushalSetu synthetic generator v2, seed 20260929",2026-09-28T12:00:00+05:30,"SYNTHETIC demo data (KaushalSetu SIH prototype): fictional entities, team-assumed numbers, not real or official statistics.",true
96e0656b-71f0-5ac1-b138-404f9c466e52,0cc28ce2-b102-59c5-9542-18cc8cd9ff62,10,Y13,"KaushalSetu synthetic generator v2, seed 20260929",2026-09-28T12:00:00+05:30,"SYNTHETIC demo data (KaushalSetu SIH prototype): fictional entities, team-assumed numbers, not real or official statistics.",true
96e0656b-71f0-5ac1-b138-404f9c466e52,40076c1f-63b2-5437-a4be-ff50b9423d53,2,Y13,"KaushalSetu synthetic generator v2, seed 20260929",2026-09-28T12:00:00+05:30,"SYNTHETIC demo data (KaushalSetu SIH prototype): fictional entities, team-assumed numbers, not real or official statistics.",true
fe1f87ba-b22b-51e9-a579-2156f00496b3,aaaf5241-fb0b-5857-adc2-b57bc5a5d721,1,Y13,"KaushalSetu synthetic generator v2, seed 20260929",2026-09-28T12:00:00+05:30,"SYNTHETIC demo data (KaushalSetu SIH prototype): fictional entities, team-assumed numbers, not real or official statistics.",true
8ef0b61f-e058-55ff-b569-058bf9c2611a,fbf969e2-c9a4-5cec-8620-a2f8e4294b1e,10,Y13,"KaushalSetu synthetic generator v2, seed 20260929",2026-09-28T12:00:00+05:30,"SYNTHETIC demo data (KaushalSetu SIH prototype): fictional entities, team-assumed numbers, not real or official statistics.",true
a78a7efa-aee5-51c7-bdf4-1d6222e68e23,b8b1c069-98d9-5bac-8c36-35b287dc8107,2,Y13,"KaushalSetu synthetic generator v2, seed 20260929",2026-09-28T12:00:00+05:30,"SYNTHETIC demo data (KaushalSetu SIH prototype): fictional entities, team-assumed numbers, not real or official statistics.",true
7e6124ac-bc49-5c38-a1d9-1ee974ba0c90,b16ef3d5-24d2-5bd2-847e-5816b714c309,4,Y13,"KaushalSetu synthetic generator v2, seed 20260929",2026-09-28T12:00:00+05:30,"SYNTHETIC demo data (KaushalSetu SIH prototype): fictional entities, team-assumed numbers, not real or official statistics.",true
dd8d79cf-0adb-5b51-bc22-17e07695f258,8d166ca5-4e2a-5830-aaad-5c7f21019f52,2,Y13,"KaushalSetu synthetic generator v2, seed 20260929",2026-09-28T12:00:00+05:30,"SYNTHETIC demo data (KaushalSetu SIH prototype): fictional entities, team-assumed numbers, not real or official statistics.",true
3a7a7093-1c3d-5e15-94d0-dcbac3794d85,d11b46ec-9351-5e94-851e-6cb83c15cb37,2,Y13,"KaushalSetu synthetic generator v2, seed 20260929",2026-09-28T12:00:00+05:30,"SYNTHETIC demo data (KaushalSetu SIH prototype): fictional entities, team-assumed numbers, not real or official statistics.",true
1410f386-d9ff-5480-898b-1c4f925f7b61,67de3f8d-48bb-5c0a-bdd6-2710412e5d2a,10,Y13,"KaushalSetu synthetic generator v2, seed 20260929",2026-09-28T12:00:00+05:30,"SYNTHETIC demo data (KaushalSetu SIH prototype): fictional entities, team-assumed numbers, not real or official statistics.",true
2a20981d-4161-5d60-a95d-5152cbed8f9c,5b01d0d0-dc9f-5164-87e7-fa8f683edacc,1,Y13,"KaushalSetu synthetic generator v2, seed 20260929",2026-09-28T12:00:00+05:30,"SYNTHETIC demo data (KaushalSetu SIH prototype): fictional entities, team-assumed numbers, not real or official statistics.",true
650f9a63-4d9b-568e-b619-5e9b28f26f84,16f2ea61-1008-5c1b-b059-fc1785248b2c,1,Y13,"KaushalSetu synthetic generator v2, seed 20260929",2026-09-28T12:00:00+05:30,"SYNTHETIC demo data (KaushalSetu SIH prototype): fictional entities, team-assumed numbers, not real or official statistics.",true
57a4805a-91b2-5fc9-8633-cab452170c5a,6bb02ec2-eed8-5e21-8b66-10c8c1c09d1b,1,Y13,"KaushalSetu synthetic generator v2, seed 20260929",2026-09-28T12:00:00+05:30,"SYNTHETIC demo data (KaushalSetu SIH prototype): fictional entities, team-assumed numbers, not real or official statistics.",true
91acb70e-5f82-5058-a31e-34af08f6695f,d2fc9fad-254a-53d6-998c-8b0820f080be,6,Y13,"KaushalSetu synthetic generator v2, seed 20260929",2026-09-28T12:00:00+05:30,"SYNTHETIC demo data (KaushalSetu SIH prototype): fictional entities, team-assumed numbers, not real or official statistics.",true
