id,code,name,skill_type,description,source,source_ref,fetched_at,license_note,is_synthetic
f0af4a4e-db42-51ed-87e3-58e26be3ece6,ev-diagnostics,EV Diagnostics,TECHNICAL,Finding faults in electric vehicles with scan tools and measurements.,Y13,"KaushalSetu synthetic generator v2, seed 20260929",2026-09-28T12:00:00+05:30,"SYNTHETIC demo data (KaushalSetu SIH prototype): fictional entities, team-assumed numbers, not real or official statistics.",true
a839ef92-1395-54fb-b1cf-f0402a1eb876,battery-management,Battery Management,TECHNICAL,"Handling, testing and servicing EV battery packs and their battery management system (BMS).",Y13,"KaushalSetu synthetic generator v2, seed 20260929",2026-09-28T12:00:00+05:30,"SYNTHETIC demo data (KaushalSetu SIH prototype): fictional entities, team-assumed numbers, not real or official statistics.",true
a81a6b02-0664-5e71-b730-da8e67473011,ev-charging-systems,EV Charging Systems,TECHNICAL,"Installing, commissioning and maintaining EV chargers and charging points.",Y13,"KaushalSetu synthetic generator v2, seed 20260929",2026-09-28T12:00:00+05:30,"SYNTHETIC demo data (KaushalSetu SIH prototype): fictional entities, team-assumed numbers, not real or official statistics.",true
aceccee2-272c-51f4-9894-7cda2515bace,hv-safety,High-Voltage Safety,SAFETY,"Working safely on high-voltage EV systems (isolation, PPE, safe discharge).",Y13,"KaushalSetu synthetic generator v2, seed 20260929",2026-09-28T12:00:00+05:30,"SYNTHETIC demo data (KaushalSetu SIH prototype): fictional entities, team-assumed numbers, not real or official statistics.",true
3256b36d-74be-5c93-9b78-6c87262cf990,ev-motor-controller,EV Motor and Controller Servicing,TECHNICAL,Checking and servicing EV traction motors and motor controllers.,Y13,"KaushalSetu synthetic generator v2, seed 20260929",2026-09-28T12:00:00+05:30,"SYNTHETIC demo data (KaushalSetu SIH prototype): fictional entities, team-assumed numbers, not real or official statistics.",true
8ef0b61f-e058-55ff-b569-058bf9c2611a,electrical-wiring,Electrical Wiring,TECHNICAL,"Domestic and industrial wiring to drawings, with correct cables and protection.",Y13,"KaushalSetu synthetic generator v2, seed 20260929",2026-09-28T12:00:00+05:30,"SYNTHETIC demo data (KaushalSetu SIH prototype): fictional entities, team-assumed numbers, not real or official statistics.",true
1410f386-d9ff-5480-898b-1c4f925f7b61,electrical-safety,Electrical Safety,SAFETY,"Safe working practices on electrical installations, including isolation and lock-out.",Y13,"KaushalSetu synthetic generator v2, seed 20260929",2026-09-28T12:00:00+05:30,"SYNTHETIC demo data (KaushalSetu SIH prototype): fictional entities, team-assumed numbers, not real or official statistics.",true
fe1f87ba-b22b-51e9-a579-2156f00496b3,earthing,Earthing and Grounding,TECHNICAL,Installing and testing earthing systems.,Y13,"KaushalSetu synthetic generator v2, seed 20260929",2026-09-28T12:00:00+05:30,"SYNTHETIC demo data (KaushalSetu SIH prototype): fictional entities, team-assumed numbers, not real or official statistics.",true
a78a7efa-aee5-51c7-bdf4-1d6222e68e23,panel-wiring,Control Panel Wiring,TECHNICAL,"Wiring distribution boards, starters and control panels.",Y13,"KaushalSetu synthetic generator v2, seed 20260929",2026-09-28T12:00:00+05:30,"SYNTHETIC demo data (KaushalSetu SIH prototype): fictional entities, team-assumed numbers, not real or official statistics.",true
dd8d79cf-0adb-5b51-bc22-17e07695f258,motor-maintenance,Basic Motor Maintenance,TECHNICAL,Routine checks and servicing of AC/DC motors and pumps.,Y13,"KaushalSetu synthetic generator v2, seed 20260929",2026-09-28T12:00:00+05:30,"SYNTHETIC demo data (KaushalSetu SIH prototype): fictional entities, team-assumed numbers, not real or official statistics.",true
3a7a7093-1c3d-5e15-94d0-dcbac3794d85,motor-rewinding,Motor Rewinding,TECHNICAL,Manually rewinding the coils of burnt electric motors.,Y13,"KaushalSetu synthetic generator v2, seed 20260929",2026-09-28T12:00:00+05:30,"SYNTHETIC demo data (KaushalSetu SIH prototype): fictional entities, team-assumed numbers, not real or official statistics.",true
96e0656b-71f0-5ac1-b138-404f9c466e52,electrical-testing,Electrical Testing and Measurement,TOOL,"Using multimeters, insulation testers and earth testers.",Y13,"KaushalSetu synthetic generator v2, seed 20260929",2026-09-28T12:00:00+05:30,"SYNTHETIC demo data (KaushalSetu SIH prototype): fictional entities, team-assumed numbers, not real or official statistics.",true
7e6124ac-bc49-5c38-a1d9-1ee974ba0c90,cable-installation,Cable Laying and Termination,TECHNICAL,"Laying, jointing and terminating power cables.",Y13,"KaushalSetu synthetic generator v2, seed 20260929",2026-09-28T12:00:00+05:30,"SYNTHETIC demo data (KaushalSetu SIH prototype): fictional entities, team-assumed numbers, not real or official statistics.",true
2a20981d-4161-5d60-a95d-5152cbed8f9c,solar-pv-installation,Solar PV Installation,TECHNICAL,"Mounting, wiring and commissioning rooftop solar PV systems.",Y13,"KaushalSetu synthetic generator v2, seed 20260929",2026-09-28T12:00:00+05:30,"SYNTHETIC demo data (KaushalSetu SIH prototype): fictional entities, team-assumed numbers, not real or official statistics.",true
650f9a63-4d9b-568e-b619-5e9b28f26f84,solar-inverter-maintenance,Solar Inverter Servicing,TECHNICAL,Troubleshooting and servicing grid-tie solar inverters.,Y13,"KaushalSetu synthetic generator v2, seed 20260929",2026-09-28T12:00:00+05:30,"SYNTHETIC demo data (KaushalSetu SIH prototype): fictional entities, team-assumed numbers, not real or official statistics.",true
57a4805a-91b2-5fc9-8633-cab452170c5a,solar-site-survey,Solar Site Survey,DOMAIN,"Assessing roofs, shading and loads before a solar installation.",Y13,"KaushalSetu synthetic generator v2, seed 20260929",2026-09-28T12:00:00+05:30,"SYNTHETIC demo data (KaushalSetu SIH prototype): fictional entities, team-assumed numbers, not real or official statistics.",true
91acb70e-5f82-5058-a31e-34af08f6695f,work-at-height,Working at Height Safety,SAFETY,"Using harnesses, ladders and edge protection safely.",Y13,"KaushalSetu synthetic generator v2, seed 20260929",2026-09-28T12:00:00+05:30,"SYNTHETIC demo data (KaushalSetu SIH prototype): fictional entities, team-assumed numbers, not real or official statistics.",true
34cfb2ed-4ae1-5f12-84ad-9164264b4d79,customer-communication,Customer Communication,CORE,"Explaining faults, costs and safe use to customers.",Y13,"KaushalSetu synthetic generator v2, seed 20260929",2026-09-28T12:00:00+05:30,"SYNTHETIC demo data (KaushalSetu SIH prototype): fictional entities, team-assumed numbers, not real or official statistics.",true
