id,skill_id,alias,alias_normalized,language,source,source_ref,fetched_at,license_note,is_synthetic
96013ce1-226e-521e-a4a1-a2cad2aec2ce,f0af4a4e-db42-51ed-87e3-58e26be3ece6,EV fault diagnosis,ev fault diagnosis,en,Y13,"KaushalSetu synthetic generator v2, seed 20260929",2026-09-28T12:00:00+05:30,"SYNTHETIC demo data (KaushalSetu SIH prototype): fictional entities, team-assumed numbers, not real or official statistics.",true
d8fc354b-72a4-55c1-a90b-b9612ae8a5f5,f0af4a4e-db42-51ed-87e3-58e26be3ece6,electric vehicle diagnostics,electric vehicle diagnostics,en,Y13,"KaushalSetu synthetic generator v2, seed 20260929",2026-09-28T12:00:00+05:30,"SYNTHETIC demo data (KaushalSetu SIH prototype): fictional entities, team-assumed numbers, not real or official statistics.",true
8aff5cbf-9997-52a9-9a13-3137c164be72,f0af4a4e-db42-51ed-87e3-58e26be3ece6,EV troubleshooting,ev troubleshooting,en,Y13,"KaushalSetu synthetic generator v2, seed 20260929",2026-09-28T12:00:00+05:30,"SYNTHETIC demo data (KaushalSetu SIH prototype): fictional entities, team-assumed numbers, not real or official statistics.",true
a0925afe-5d14-531c-8ad5-bfc892957552,f0af4a4e-db42-51ed-87e3-58e26be3ece6,ईवी खराबी जांच,ईवी खराबी जांच,hi,Y13,"KaushalSetu synthetic generator v2, seed 20260929",2026-09-28T12:00:00+05:30,"SYNTHETIC demo data (KaushalSetu SIH prototype): fictional entities, team-assumed numbers, not real or official statistics.",true
32326aec-1a5f-58a0-a2d9-f740c8b6c2ec,f0af4a4e-db42-51ed-87e3-58e26be3ece6,ईव्ही दोष निदान,ईव्ही दोष निदान,mr,Y13,"KaushalSetu synthetic generator v2, seed 20260929",2026-09-28T12:00:00+05:30,"SYNTHETIC demo data (KaushalSetu SIH prototype): fictional entities, team-assumed numbers, not real or official statistics.",true
6675796c-dff6-505f-a9c3-180e1612daec,a839ef92-1395-54fb-b1cf-f0402a1eb876,battery management system,battery management system,en,Y13,"KaushalSetu synthetic generator v2, seed 20260929",2026-09-28T12:00:00+05:30,"SYNTHETIC demo data (KaushalSetu SIH prototype): fictional entities, team-assumed numbers, not real or official statistics.",true
766c6b10-05d8-5211-b775-d671968b19f5,a839ef92-1395-54fb-b1cf-f0402a1eb876,BMS,bms,en,Y13,"KaushalSetu synthetic generator v2, seed 20260929",2026-09-28T12:00:00+05:30,"SYNTHETIC demo data (KaushalSetu SIH prototype): fictional entities, team-assumed numbers, not real or official statistics.",true
b9e9bf1c-076f-5506-ae81-8409a3b44906,a839ef92-1395-54fb-b1cf-f0402a1eb876,lithium-ion battery handling,lithium ion battery handling,en,Y13,"KaushalSetu synthetic generator v2, seed 20260929",2026-09-28T12:00:00+05:30,"SYNTHETIC demo data (KaushalSetu SIH prototype): fictional entities, team-assumed numbers, not real or official statistics.",true
8f459008-fb8c-5bf5-8a70-4c7ce7566ac2,a839ef92-1395-54fb-b1cf-f0402a1eb876,battery diagnostics,battery diagnostics,en,Y13,"KaushalSetu synthetic generator v2, seed 20260929",2026-09-28T12:00:00+05:30,"SYNTHETIC demo data (KaushalSetu SIH prototype): fictional entities, team-assumed numbers, not real or official statistics.",true
7c6231d4-301e-5a84-88bc-c514dfe06e52,a839ef92-1395-54fb-b1cf-f0402a1eb876,battery testing,battery testing,en,Y13,"KaushalSetu synthetic generator v2, seed 20260929",2026-09-28T12:00:00+05:30,"SYNTHETIC demo data (KaushalSetu SIH prototype): fictional entities, team-assumed numbers, not real or official statistics.",true
4def506b-5391-5276-ae44-2f53dce4a62f,a839ef92-1395-54fb-b1cf-f0402a1eb876,बैटरी प्रबंधन,बैटरी प्रबंधन,hi,Y13,"KaushalSetu synthetic generator v2, seed 20260929",2026-09-28T12:00:00+05:30,"SYNTHETIC demo data (KaushalSetu SIH prototype): fictional entities, team-assumed numbers, not real or official statistics.",true
7cce9f84-6689-5361-8bee-6a2b3048678d,a839ef92-1395-54fb-b1cf-f0402a1eb876,बॅटरी व्यवस्थापन,बॅटरी व्यवस्थापन,mr,Y13,"KaushalSetu synthetic generator v2, seed 20260929",2026-09-28T12:00:00+05:30,"SYNTHETIC demo data (KaushalSetu SIH prototype): fictional entities, team-assumed numbers, not real or official statistics.",true
3d58ccba-b9a2-5b0d-86e3-9f3b9b59f5d6,a81a6b02-0664-5e71-b730-da8e67473011,EV charger installation,ev charger installation,en,Y13,"KaushalSetu synthetic generator v2, seed 20260929",2026-09-28T12:00:00+05:30,"SYNTHETIC demo data (KaushalSetu SIH prototype): fictional entities, team-assumed numbers, not real or official statistics.",true
b1e64746-9b10-51c0-bb6b-92e848249ba4,a81a6b02-0664-5e71-b730-da8e67473011,EV charging station installation,ev charging station installation,en,Y13,"KaushalSetu synthetic generator v2, seed 20260929",2026-09-28T12:00:00+05:30,"SYNTHETIC demo data (KaushalSetu SIH prototype): fictional entities, team-assumed numbers, not real or official statistics.",true
2598b9f7-23af-5917-ab52-c84d269602d7,a81a6b02-0664-5e71-b730-da8e67473011,charging point installation,charging point installation,en,Y13,"KaushalSetu synthetic generator v2, seed 20260929",2026-09-28T12:00:00+05:30,"SYNTHETIC demo data (KaushalSetu SIH prototype): fictional entities, team-assumed numbers, not real or official statistics.",true
7d52c960-9fc3-53ff-a376-bc5a2dbc42ba,a81a6b02-0664-5e71-b730-da8e67473011,charging station,charging station,en,Y13,"KaushalSetu synthetic generator v2, seed 20260929",2026-09-28T12:00:00+05:30,"SYNTHETIC demo data (KaushalSetu SIH prototype): fictional entities, team-assumed numbers, not real or official statistics.",true
7670b62e-6705-57a3-a21a-a9f26fcc0576,a81a6b02-0664-5e71-b730-da8e67473011,EV charger,ev charger,en,Y13,"KaushalSetu synthetic generator v2, seed 20260929",2026-09-28T12:00:00+05:30,"SYNTHETIC demo data (KaushalSetu SIH prototype): fictional entities, team-assumed numbers, not real or official statistics.",true
5f4c179f-131c-562a-a409-12581adeb5e0,a81a6b02-0664-5e71-b730-da8e67473011,ईवी चार्जर लगाना,ईवी चार्जर लगाना,hi,Y13,"KaushalSetu synthetic generator v2, seed 20260929",2026-09-28T12:00:00+05:30,"SYNTHETIC demo data (KaushalSetu SIH prototype): fictional entities, team-assumed numbers, not real or official statistics.",true
f8d4826a-d625-56e7-ace6-4e0f7271fecd,a81a6b02-0664-5e71-b730-da8e67473011,ईव्ही चार्जर बसवणे,ईव्ही चार्जर बसवणे,mr,Y13,"KaushalSetu synthetic generator v2, seed 20260929",2026-09-28T12:00:00+05:30,"SYNTHETIC demo data (KaushalSetu SIH prototype): fictional entities, team-assumed numbers, not real or official statistics.",true
6db3472f-c7be-5720-a74e-843270ea53af,aceccee2-272c-51f4-9894-7cda2515bace,HV safety,hv safety,en,Y13,"KaushalSetu synthetic generator v2, seed 20260929",2026-09-28T12:00:00+05:30,"SYNTHETIC demo data (KaushalSetu SIH prototype): fictional entities, team-assumed numbers, not real or official statistics.",true
770b8d3c-e4aa-5251-8839-eef26219cf06,aceccee2-272c-51f4-9894-7cda2515bace,EV high-voltage precautions,ev high voltage precautions,en,Y13,"KaushalSetu synthetic generator v2, seed 20260929",2026-09-28T12:00:00+05:30,"SYNTHETIC demo data (KaushalSetu SIH prototype): fictional entities, team-assumed numbers, not real or official statistics.",true
3392a260-32ff-591c-bdf9-7d728b25fe5a,aceccee2-272c-51f4-9894-7cda2515bace,हाई वोल्टेज सुरक्षा,हाई वोल्टेज सुरक्षा,hi,Y13,"KaushalSetu synthetic generator v2, seed 20260929",2026-09-28T12:00:00+05:30,"SYNTHETIC demo data (KaushalSetu SIH prototype): fictional entities, team-assumed numbers, not real or official statistics.",true
4ad38583-e113-590c-9765-479b4e372517,aceccee2-272c-51f4-9894-7cda2515bace,हाय व्होल्टेज सुरक्षा,हाय व्होल्टेज सुरक्षा,mr,Y13,"KaushalSetu synthetic generator v2, seed 20260929",2026-09-28T12:00:00+05:30,"SYNTHETIC demo data (KaushalSetu SIH prototype): fictional entities, team-assumed numbers, not real or official statistics.",true
74e576a2-e451-5def-a25d-4fd071cbfc2b,3256b36d-74be-5c93-9b78-6c87262cf990,EV motor controller,ev motor controller,en,Y13,"KaushalSetu synthetic generator v2, seed 20260929",2026-09-28T12:00:00+05:30,"SYNTHETIC demo data (KaushalSetu SIH prototype): fictional entities, team-assumed numbers, not real or official statistics.",true
335c49a7-357b-5c79-8183-ff803cf7a671,3256b36d-74be-5c93-9b78-6c87262cf990,BLDC motor servicing,bldc motor servicing,en,Y13,"KaushalSetu synthetic generator v2, seed 20260929",2026-09-28T12:00:00+05:30,"SYNTHETIC demo data (KaushalSetu SIH prototype): fictional entities, team-assumed numbers, not real or official statistics.",true
f935d620-9ef9-5ab4-8ae1-61263e581883,8ef0b61f-e058-55ff-b569-058bf9c2611a,house wiring,house wiring,en,Y13,"KaushalSetu synthetic generator v2, seed 20260929",2026-09-28T12:00:00+05:30,"SYNTHETIC demo data (KaushalSetu SIH prototype): fictional entities, team-assumed numbers, not real or official statistics.",true
88766f89-c54e-506f-b7bd-3d56ce5c1505,8ef0b61f-e058-55ff-b569-058bf9c2611a,domestic wiring,domestic wiring,en,Y13,"KaushalSetu synthetic generator v2, seed 20260929",2026-09-28T12:00:00+05:30,"SYNTHETIC demo data (KaushalSetu SIH prototype): fictional entities, team-assumed numbers, not real or official statistics.",true
c1cb9ad0-a07d-595d-b2b6-7380ed691124,8ef0b61f-e058-55ff-b569-058bf9c2611a,industrial wiring,industrial wiring,en,Y13,"KaushalSetu synthetic generator v2, seed 20260929",2026-09-28T12:00:00+05:30,"SYNTHETIC demo data (KaushalSetu SIH prototype): fictional entities, team-assumed numbers, not real or official statistics.",true
05a9c073-0a0b-5664-b02e-569538cab2a4,8ef0b61f-e058-55ff-b569-058bf9c2611a,बिजली वायरिंग,बिजली वायरिंग,hi,Y13,"KaushalSetu synthetic generator v2, seed 20260929",2026-09-28T12:00:00+05:30,"SYNTHETIC demo data (KaushalSetu SIH prototype): fictional entities, team-assumed numbers, not real or official statistics.",true
810ece93-ad71-5bd5-ad1b-9188e0a3c043,8ef0b61f-e058-55ff-b569-058bf9c2611a,वायरिंग काम,वायरिंग काम,mr,Y13,"KaushalSetu synthetic generator v2, seed 20260929",2026-09-28T12:00:00+05:30,"SYNTHETIC demo data (KaushalSetu SIH prototype): fictional entities, team-assumed numbers, not real or official statistics.",true
20d2f043-c001-5734-885c-021e0c7356fe,1410f386-d9ff-5480-898b-1c4f925f7b61,electrical safety practices,electrical safety practices,en,Y13,"KaushalSetu synthetic generator v2, seed 20260929",2026-09-28T12:00:00+05:30,"SYNTHETIC demo data (KaushalSetu SIH prototype): fictional entities, team-assumed numbers, not real or official statistics.",true
dad30504-fb3f-559f-99b1-7ae16d4ba423,1410f386-d9ff-5480-898b-1c4f925f7b61,lockout tagout,lockout tagout,en,Y13,"KaushalSetu synthetic generator v2, seed 20260929",2026-09-28T12:00:00+05:30,"SYNTHETIC demo data (KaushalSetu SIH prototype): fictional entities, team-assumed numbers, not real or official statistics.",true
e2daeb36-0110-5420-9d28-77b756602477,1410f386-d9ff-5480-898b-1c4f925f7b61,विद्युत सुरक्षा,विद्युत सुरक्षा,hi,Y13,"KaushalSetu synthetic generator v2, seed 20260929",2026-09-28T12:00:00+05:30,"SYNTHETIC demo data (KaushalSetu SIH prototype): fictional entities, team-assumed numbers, not real or official statistics.",true
ec11c283-dcfe-5707-8dca-f327cc8258da,1410f386-d9ff-5480-898b-1c4f925f7b61,विद्युत सुरक्षा,विद्युत सुरक्षा,mr,Y13,"KaushalSetu synthetic generator v2, seed 20260929",2026-09-28T12:00:00+05:30,"SYNTHETIC demo data (KaushalSetu SIH prototype): fictional entities, team-assumed numbers, not real or official statistics.",true
35759e85-a0b5-5bae-92ef-91389d8eabc8,fe1f87ba-b22b-51e9-a579-2156f00496b3,earthing,earthing,en,Y13,"KaushalSetu synthetic generator v2, seed 20260929",2026-09-28T12:00:00+05:30,"SYNTHETIC demo data (KaushalSetu SIH prototype): fictional entities, team-assumed numbers, not real or official statistics.",true
98f6a9c2-df17-544f-b78d-194b392c358b,fe1f87ba-b22b-51e9-a579-2156f00496b3,grounding,grounding,en,Y13,"KaushalSetu synthetic generator v2, seed 20260929",2026-09-28T12:00:00+05:30,"SYNTHETIC demo data (KaushalSetu SIH prototype): fictional entities, team-assumed numbers, not real or official statistics.",true
dd14a2cf-80cd-5774-b9c0-da499cd614df,fe1f87ba-b22b-51e9-a579-2156f00496b3,earth pit installation,earth pit installation,en,Y13,"KaushalSetu synthetic generator v2, seed 20260929",2026-09-28T12:00:00+05:30,"SYNTHETIC demo data (KaushalSetu SIH prototype): fictional entities, team-assumed numbers, not real or official statistics.",true
b9fc9eea-9976-53ea-93e1-488a1a9db344,a78a7efa-aee5-51c7-bdf4-1d6222e68e23,MCC panel wiring,mcc panel wiring,en,Y13,"KaushalSetu synthetic generator v2, seed 20260929",2026-09-28T12:00:00+05:30,"SYNTHETIC demo data (KaushalSetu SIH prototype): fictional entities, team-assumed numbers, not real or official statistics.",true
edcc9ded-11cf-5c43-9703-a36af0722be6,a78a7efa-aee5-51c7-bdf4-1d6222e68e23,starter wiring,starter wiring,en,Y13,"KaushalSetu synthetic generator v2, seed 20260929",2026-09-28T12:00:00+05:30,"SYNTHETIC demo data (KaushalSetu SIH prototype): fictional entities, team-assumed numbers, not real or official statistics.",true
84fe8398-5e6c-56ce-98f4-d7ff616e4f8f,a78a7efa-aee5-51c7-bdf4-1d6222e68e23,panel board wiring,panel board wiring,en,Y13,"KaushalSetu synthetic generator v2, seed 20260929",2026-09-28T12:00:00+05:30,"SYNTHETIC demo data (KaushalSetu SIH prototype): fictional entities, team-assumed numbers, not real or official statistics.",true
cdc53912-e338-5689-8b67-4572cc63ee0b,dd8d79cf-0adb-5b51-bc22-17e07695f258,motor servicing,motor servicing,en,Y13,"KaushalSetu synthetic generator v2, seed 20260929",2026-09-28T12:00:00+05:30,"SYNTHETIC demo data (KaushalSetu SIH prototype): fictional entities, team-assumed numbers, not real or official statistics.",true
e5f1647d-700c-5a01-b142-e9e702607836,dd8d79cf-0adb-5b51-bc22-17e07695f258,AC motor maintenance,ac motor maintenance,en,Y13,"KaushalSetu synthetic generator v2, seed 20260929",2026-09-28T12:00:00+05:30,"SYNTHETIC demo data (KaushalSetu SIH prototype): fictional entities, team-assumed numbers, not real or official statistics.",true
c613f45e-9c25-5e29-a2a0-e61d2361aaf2,dd8d79cf-0adb-5b51-bc22-17e07695f258,pump motor repair,pump motor repair,en,Y13,"KaushalSetu synthetic generator v2, seed 20260929",2026-09-28T12:00:00+05:30,"SYNTHETIC demo data (KaushalSetu SIH prototype): fictional entities, team-assumed numbers, not real or official statistics.",true
48d40ab5-04a5-508c-a891-5d62402e6b77,3a7a7093-1c3d-5e15-94d0-dcbac3794d85,rewinding,rewinding,en,Y13,"KaushalSetu synthetic generator v2, seed 20260929",2026-09-28T12:00:00+05:30,"SYNTHETIC demo data (KaushalSetu SIH prototype): fictional entities, team-assumed numbers, not real or official statistics.",true
88d0a46a-d1e1-5308-ae91-eeff5570f18c,3a7a7093-1c3d-5e15-94d0-dcbac3794d85,armature winding,armature winding,en,Y13,"KaushalSetu synthetic generator v2, seed 20260929",2026-09-28T12:00:00+05:30,"SYNTHETIC demo data (KaushalSetu SIH prototype): fictional entities, team-assumed numbers, not real or official statistics.",true
1fd572ff-ecd1-55b9-a071-d74901b59763,3a7a7093-1c3d-5e15-94d0-dcbac3794d85,coil winding,coil winding,en,Y13,"KaushalSetu synthetic generator v2, seed 20260929",2026-09-28T12:00:00+05:30,"SYNTHETIC demo data (KaushalSetu SIH prototype): fictional entities, team-assumed numbers, not real or official statistics.",true
30a17574-cd5b-573d-9b5c-259e7c397e95,3a7a7093-1c3d-5e15-94d0-dcbac3794d85,मोटर वाइंडिंग,मोटर वाइंडिंग,hi,Y13,"KaushalSetu synthetic generator v2, seed 20260929",2026-09-28T12:00:00+05:30,"SYNTHETIC demo data (KaushalSetu SIH prototype): fictional entities, team-assumed numbers, not real or official statistics.",true
88b906f6-0eff-523d-b44c-abfc987b6707,3a7a7093-1c3d-5e15-94d0-dcbac3794d85,मोटर वाइंडिंग,मोटर वाइंडिंग,mr,Y13,"KaushalSetu synthetic generator v2, seed 20260929",2026-09-28T12:00:00+05:30,"SYNTHETIC demo data (KaushalSetu SIH prototype): fictional entities, team-assumed numbers, not real or official statistics.",true
2d6f1a16-06e0-590e-8a70-d736bb59405b,96e0656b-71f0-5ac1-b138-404f9c466e52,multimeter use,multimeter use,en,Y13,"KaushalSetu synthetic generator v2, seed 20260929",2026-09-28T12:00:00+05:30,"SYNTHETIC demo data (KaushalSetu SIH prototype): fictional entities, team-assumed numbers, not real or official statistics.",true
a9dc1a29-16bb-5bd0-ab42-d124791d7944,96e0656b-71f0-5ac1-b138-404f9c466e52,megger testing,megger testing,en,Y13,"KaushalSetu synthetic generator v2, seed 20260929",2026-09-28T12:00:00+05:30,"SYNTHETIC demo data (KaushalSetu SIH prototype): fictional entities, team-assumed numbers, not real or official statistics.",true
97e9247c-0b98-59b9-993c-555ce43972c6,96e0656b-71f0-5ac1-b138-404f9c466e52,insulation resistance testing,insulation resistance testing,en,Y13,"KaushalSetu synthetic generator v2, seed 20260929",2026-09-28T12:00:00+05:30,"SYNTHETIC demo data (KaushalSetu SIH prototype): fictional entities, team-assumed numbers, not real or official statistics.",true
ec6595e1-465a-5b34-8364-58ca89bafe52,7e6124ac-bc49-5c38-a1d9-1ee974ba0c90,cable jointing,cable jointing,en,Y13,"KaushalSetu synthetic generator v2, seed 20260929",2026-09-28T12:00:00+05:30,"SYNTHETIC demo data (KaushalSetu SIH prototype): fictional entities, team-assumed numbers, not real or official statistics.",true
233d295b-44c8-5adf-bdb4-0f35200ab0b5,7e6124ac-bc49-5c38-a1d9-1ee974ba0c90,cable termination,cable termination,en,Y13,"KaushalSetu synthetic generator v2, seed 20260929",2026-09-28T12:00:00+05:30,"SYNTHETIC demo data (KaushalSetu SIH prototype): fictional entities, team-assumed numbers, not real or official statistics.",true
c93ff3d3-a8fa-5d4c-ad48-986a73df6a88,7e6124ac-bc49-5c38-a1d9-1ee974ba0c90,cable laying,cable laying,en,Y13,"KaushalSetu synthetic generator v2, seed 20260929",2026-09-28T12:00:00+05:30,"SYNTHETIC demo data (KaushalSetu SIH prototype): fictional entities, team-assumed numbers, not real or official statistics.",true
93ae9feb-d8c5-5000-9b18-60f89a4842a7,2a20981d-4161-5d60-a95d-5152cbed8f9c,solar panel installation,solar panel installation,en,Y13,"KaushalSetu synthetic generator v2, seed 20260929",2026-09-28T12:00:00+05:30,"SYNTHETIC demo data (KaushalSetu SIH prototype): fictional entities, team-assumed numbers, not real or official statistics.",true
a5b536e2-ec6f-5fda-b4b8-08375af73b70,2a20981d-4161-5d60-a95d-5152cbed8f9c,rooftop solar installation,rooftop solar installation,en,Y13,"KaushalSetu synthetic generator v2, seed 20260929",2026-09-28T12:00:00+05:30,"SYNTHETIC demo data (KaushalSetu SIH prototype): fictional entities, team-assumed numbers, not real or official statistics.",true
edc08ae7-b0af-57f4-89a3-33947be1f013,2a20981d-4161-5d60-a95d-5152cbed8f9c,PV module mounting,pv module mounting,en,Y13,"KaushalSetu synthetic generator v2, seed 20260929",2026-09-28T12:00:00+05:30,"SYNTHETIC demo data (KaushalSetu SIH prototype): fictional entities, team-assumed numbers, not real or official statistics.",true
d6b65bfc-e820-5f30-862f-06842dc0b377,2a20981d-4161-5d60-a95d-5152cbed8f9c,सोलर पैनल लगाना,सोलर पैनल लगाना,hi,Y13,"KaushalSetu synthetic generator v2, seed 20260929",2026-09-28T12:00:00+05:30,"SYNTHETIC demo data (KaushalSetu SIH prototype): fictional entities, team-assumed numbers, not real or official statistics.",true
af2e1582-70ce-529e-a7ed-cff4be2a625b,2a20981d-4161-5d60-a95d-5152cbed8f9c,सौर पॅनेल बसवणे,सौर पॅनेल बसवणे,mr,Y13,"KaushalSetu synthetic generator v2, seed 20260929",2026-09-28T12:00:00+05:30,"SYNTHETIC demo data (KaushalSetu SIH prototype): fictional entities, team-assumed numbers, not real or official statistics.",true
5f91437b-1423-5b73-86f5-961f598c863d,650f9a63-4d9b-568e-b619-5e9b28f26f84,inverter maintenance,inverter maintenance,en,Y13,"KaushalSetu synthetic generator v2, seed 20260929",2026-09-28T12:00:00+05:30,"SYNTHETIC demo data (KaushalSetu SIH prototype): fictional entities, team-assumed numbers, not real or official statistics.",true
6da5b173-104d-5914-a6a4-68cd74ba1a65,650f9a63-4d9b-568e-b619-5e9b28f26f84,grid-tie inverter servicing,grid tie inverter servicing,en,Y13,"KaushalSetu synthetic generator v2, seed 20260929",2026-09-28T12:00:00+05:30,"SYNTHETIC demo data (KaushalSetu SIH prototype): fictional entities, team-assumed numbers, not real or official statistics.",true
9624ded4-524d-5057-920a-27cbf2ee6afb,650f9a63-4d9b-568e-b619-5e9b28f26f84,solar inverter repair,solar inverter repair,en,Y13,"KaushalSetu synthetic generator v2, seed 20260929",2026-09-28T12:00:00+05:30,"SYNTHETIC demo data (KaushalSetu SIH prototype): fictional entities, team-assumed numbers, not real or official statistics.",true
5f498bae-8e45-5277-a004-8b0b5efb5489,57a4805a-91b2-5fc9-8633-cab452170c5a,shadow analysis,shadow analysis,en,Y13,"KaushalSetu synthetic generator v2, seed 20260929",2026-09-28T12:00:00+05:30,"SYNTHETIC demo data (KaushalSetu SIH prototype): fictional entities, team-assumed numbers, not real or official statistics.",true
39c94819-10e4-5b75-86ff-a15217c28325,57a4805a-91b2-5fc9-8633-cab452170c5a,rooftop site assessment,rooftop site assessment,en,Y13,"KaushalSetu synthetic generator v2, seed 20260929",2026-09-28T12:00:00+05:30,"SYNTHETIC demo data (KaushalSetu SIH prototype): fictional entities, team-assumed numbers, not real or official statistics.",true
9e1759be-d122-5641-b09a-fa0f0570f147,91acb70e-5f82-5058-a31e-34af08f6695f,height safety,height safety,en,Y13,"KaushalSetu synthetic generator v2, seed 20260929",2026-09-28T12:00:00+05:30,"SYNTHETIC demo data (KaushalSetu SIH prototype): fictional entities, team-assumed numbers, not real or official statistics.",true
b9acdfdb-d4e4-5e25-b1fa-4d989b758bf1,91acb70e-5f82-5058-a31e-34af08f6695f,safety harness use,safety harness use,en,Y13,"KaushalSetu synthetic generator v2, seed 20260929",2026-09-28T12:00:00+05:30,"SYNTHETIC demo data (KaushalSetu SIH prototype): fictional entities, team-assumed numbers, not real or official statistics.",true
0a721a09-41a3-5c54-aa0f-d4d797e1abae,91acb70e-5f82-5058-a31e-34af08f6695f,ऊंचाई पर काम सुरक्षा,ऊंचाई पर काम सुरक्षा,hi,Y13,"KaushalSetu synthetic generator v2, seed 20260929",2026-09-28T12:00:00+05:30,"SYNTHETIC demo data (KaushalSetu SIH prototype): fictional entities, team-assumed numbers, not real or official statistics.",true
39b520cf-244a-5bfb-8af5-e76090605664,91acb70e-5f82-5058-a31e-34af08f6695f,उंचीवर काम सुरक्षा,उंचीवर काम सुरक्षा,mr,Y13,"KaushalSetu synthetic generator v2, seed 20260929",2026-09-28T12:00:00+05:30,"SYNTHETIC demo data (KaushalSetu SIH prototype): fictional entities, team-assumed numbers, not real or official statistics.",true
2a983929-1767-5d62-9a53-b754734325cb,34cfb2ed-4ae1-5f12-84ad-9164264b4d79,customer handling,customer handling,en,Y13,"KaushalSetu synthetic generator v2, seed 20260929",2026-09-28T12:00:00+05:30,"SYNTHETIC demo data (KaushalSetu SIH prototype): fictional entities, team-assumed numbers, not real or official statistics.",true
b31ccea0-1e93-5334-a150-015b417970c1,34cfb2ed-4ae1-5f12-84ad-9164264b4d79,communication skills,communication skills,en,Y13,"KaushalSetu synthetic generator v2, seed 20260929",2026-09-28T12:00:00+05:30,"SYNTHETIC demo data (KaushalSetu SIH prototype): fictional entities, team-assumed numbers, not real or official statistics.",true
797a3662-7a49-5289-8f59-d6e8608cf0f7,34cfb2ed-4ae1-5f12-84ad-9164264b4d79,ग्राहक से बातचीत,ग्राहक से बातचीत,hi,Y13,"KaushalSetu synthetic generator v2, seed 20260929",2026-09-28T12:00:00+05:30,"SYNTHETIC demo data (KaushalSetu SIH prototype): fictional entities, team-assumed numbers, not real or official statistics.",true
5b27ee79-a222-554e-88b4-3bacb30ad36d,34cfb2ed-4ae1-5f12-84ad-9164264b4d79,ग्राहकांशी संवाद,ग्राहकांशी संवाद,mr,Y13,"KaushalSetu synthetic generator v2, seed 20260929",2026-09-28T12:00:00+05:30,"SYNTHETIC demo data (KaushalSetu SIH prototype): fictional entities, team-assumed numbers, not real or official statistics.",true
