id,institute_id,pseudonym,certifications,is_active,source,source_ref,fetched_at,license_note,is_synthetic
e0dc2d28-c1fc-5bac-824c-28ce46feddca,d14d2014-ee89-5e54-bea6-76bbc590a3e1,T-01,"[""Instructor training certificate (demo record)""]",true,Y06,"KaushalSetu synthetic generator v2, seed 20260929",2026-09-28T12:00:00+05:30,"SYNTHETIC demo data (KaushalSetu SIH prototype): fictional entities, team-assumed numbers, not real or official statistics.",true
2e6ebb57-5dec-5360-901b-5ef634fd4c3e,d14d2014-ee89-5e54-bea6-76bbc590a3e1,T-02,"[""Instructor training certificate (demo record)""]",true,Y06,"KaushalSetu synthetic generator v2, seed 20260929",2026-09-28T12:00:00+05:30,"SYNTHETIC demo data (KaushalSetu SIH prototype): fictional entities, team-assumed numbers, not real or official statistics.",true
430c7bef-0e6b-554c-8d61-5ca6319c59b1,d14d2014-ee89-5e54-bea6-76bbc590a3e1,T-03,"[""Instructor training certificate (demo record)""]",true,Y06,"KaushalSetu synthetic generator v2, seed 20260929",2026-09-28T12:00:00+05:30,"SYNTHETIC demo data (KaushalSetu SIH prototype): fictional entities, team-assumed numbers, not real or official statistics.",true
8aeba1e8-582c-5780-b096-3c93eb1abfce,d14d2014-ee89-5e54-bea6-76bbc590a3e1,T-04,"[""Instructor training certificate (demo record)""]",true,Y06,"KaushalSetu synthetic generator v2, seed 20260929",2026-09-28T12:00:00+05:30,"SYNTHETIC demo data (KaushalSetu SIH prototype): fictional entities, team-assumed numbers, not real or official statistics.",true
7220b406-1467-536d-9a72-11c787097274,3a7c32d9-7ca6-5544-86a7-cb4db7032651,T-01,"[""Instructor training certificate (demo record)""]",true,Y06,"KaushalSetu synthetic generator v2, seed 20260929",2026-09-28T12:00:00+05:30,"SYNTHETIC demo data (KaushalSetu SIH prototype): fictional entities, team-assumed numbers, not real or official statistics.",true
7dc4818a-b603-5f0e-8419-bea3325ab34f,3a7c32d9-7ca6-5544-86a7-cb4db7032651,T-02,"[""Instructor training certificate (demo record)""]",true,Y06,"KaushalSetu synthetic generator v2, seed 20260929",2026-09-28T12:00:00+05:30,"SYNTHETIC demo data (KaushalSetu SIH prototype): fictional entities, team-assumed numbers, not real or official statistics.",true
19293bf7-bb81-55f0-8e6c-c8c592b06e2b,2e673078-52f9-5516-977f-a174f6c8483b,T-01,"[""Solar installation training (demo record)""]",true,Y06,"KaushalSetu synthetic generator v2, seed 20260929",2026-09-28T12:00:00+05:30,"SYNTHETIC demo data (KaushalSetu SIH prototype): fictional entities, team-assumed numbers, not real or official statistics.",true
e1f85872-2050-5673-95e6-918aab9d2d34,2e673078-52f9-5516-977f-a174f6c8483b,T-02,"[""Solar installation training (demo record)""]",true,Y06,"KaushalSetu synthetic generator v2, seed 20260929",2026-09-28T12:00:00+05:30,"SYNTHETIC demo data (KaushalSetu SIH prototype): fictional entities, team-assumed numbers, not real or official statistics.",true
567da232-1a3d-51d3-8219-32c4ae02c6ed,934accd7-4dfc-5f36-8c9f-8e94260f8225,T-01,"[""Instructor training certificate (demo record)""]",true,Y06,"KaushalSetu synthetic generator v2, seed 20260929",2026-09-28T12:00:00+05:30,"SYNTHETIC demo data (KaushalSetu SIH prototype): fictional entities, team-assumed numbers, not real or official statistics.",true
3562e3dd-29a1-56cd-ae11-2165645b7867,934accd7-4dfc-5f36-8c9f-8e94260f8225,T-02,"[""Instructor training certificate (demo record)""]",true,Y06,"KaushalSetu synthetic generator v2, seed 20260929",2026-09-28T12:00:00+05:30,"SYNTHETIC demo data (KaushalSetu SIH prototype): fictional entities, team-assumed numbers, not real or official statistics.",true
5b2d1f09-6eb6-56db-8a63-11b4198bef73,934accd7-4dfc-5f36-8c9f-8e94260f8225,T-03,"[""Instructor training certificate (demo record)""]",true,Y06,"KaushalSetu synthetic generator v2, seed 20260929",2026-09-28T12:00:00+05:30,"SYNTHETIC demo data (KaushalSetu SIH prototype): fictional entities, team-assumed numbers, not real or official statistics.",true
c89d02d9-7354-5a3c-8a07-03c6c2caed32,934accd7-4dfc-5f36-8c9f-8e94260f8225,T-04,"[""Instructor training certificate (demo record)""]",true,Y06,"KaushalSetu synthetic generator v2, seed 20260929",2026-09-28T12:00:00+05:30,"SYNTHETIC demo data (KaushalSetu SIH prototype): fictional entities, team-assumed numbers, not real or official statistics.",true
9fb32287-f458-5e1b-8cc0-df6d3dd60bf9,0a1bfc97-a7df-54e7-937c-0a7953c2c74e,T-01,"[""EV high-voltage safety training (demo record)""]",true,Y06,"KaushalSetu synthetic generator v2, seed 20260929",2026-09-28T12:00:00+05:30,"SYNTHETIC demo data (KaushalSetu SIH prototype): fictional entities, team-assumed numbers, not real or official statistics.",true
1c370f2b-0612-5fa9-8850-8d2dcab3f914,0a1bfc97-a7df-54e7-937c-0a7953c2c74e,T-02,"[""EV high-voltage safety training (demo record)""]",true,Y06,"KaushalSetu synthetic generator v2, seed 20260929",2026-09-28T12:00:00+05:30,"SYNTHETIC demo data (KaushalSetu SIH prototype): fictional entities, team-assumed numbers, not real or official statistics.",true
1ec4bb84-6943-59bf-98e0-058d320567e8,0a1bfc97-a7df-54e7-937c-0a7953c2c74e,T-03,"[""EV charger installation training (demo record)""]",true,Y06,"KaushalSetu synthetic generator v2, seed 20260929",2026-09-28T12:00:00+05:30,"SYNTHETIC demo data (KaushalSetu SIH prototype): fictional entities, team-assumed numbers, not real or official statistics.",true
2e86d663-93ca-5ee2-9d3e-982d0451263d,0a1bfc97-a7df-54e7-937c-0a7953c2c74e,T-04,"[""EV charger installation training (demo record)""]",true,Y06,"KaushalSetu synthetic generator v2, seed 20260929",2026-09-28T12:00:00+05:30,"SYNTHETIC demo data (KaushalSetu SIH prototype): fictional entities, team-assumed numbers, not real or official statistics.",true
7333c7bb-cc77-5237-aa78-c11f43608396,a544e542-10ec-5562-a948-c1b6d7662202,T-01,"[""Instructor training certificate (demo record)""]",true,Y06,"KaushalSetu synthetic generator v2, seed 20260929",2026-09-28T12:00:00+05:30,"SYNTHETIC demo data (KaushalSetu SIH prototype): fictional entities, team-assumed numbers, not real or official statistics.",true
3f0af495-6933-5981-a735-018cf930270c,a544e542-10ec-5562-a948-c1b6d7662202,T-02,"[""Instructor training certificate (demo record)""]",true,Y06,"KaushalSetu synthetic generator v2, seed 20260929",2026-09-28T12:00:00+05:30,"SYNTHETIC demo data (KaushalSetu SIH prototype): fictional entities, team-assumed numbers, not real or official statistics.",true
32aa6b39-f6ee-5952-9aa5-ab8cfad2c857,a544e542-10ec-5562-a948-c1b6d7662202,T-03,"[""Solar installation training (demo record)""]",true,Y06,"KaushalSetu synthetic generator v2, seed 20260929",2026-09-28T12:00:00+05:30,"SYNTHETIC demo data (KaushalSetu SIH prototype): fictional entities, team-assumed numbers, not real or official statistics.",true
fe69b6b7-f283-5f17-85c4-ba8f71572875,a544e542-10ec-5562-a948-c1b6d7662202,T-04,"[""Solar installation training (demo record)""]",true,Y06,"KaushalSetu synthetic generator v2, seed 20260929",2026-09-28T12:00:00+05:30,"SYNTHETIC demo data (KaushalSetu SIH prototype): fictional entities, team-assumed numbers, not real or official statistics.",true
fd0a5300-3648-5562-8752-05ff4e73c8e8,b9528430-ebb4-544a-b476-b0531181eea6,T-01,"[""Instructor training certificate (demo record)""]",true,Y06,"KaushalSetu synthetic generator v2, seed 20260929",2026-09-28T12:00:00+05:30,"SYNTHETIC demo data (KaushalSetu SIH prototype): fictional entities, team-assumed numbers, not real or official statistics.",true
328e70e8-f9ed-55ed-b594-6d0cb2170e04,b9528430-ebb4-544a-b476-b0531181eea6,T-02,"[""Instructor training certificate (demo record)""]",true,Y06,"KaushalSetu synthetic generator v2, seed 20260929",2026-09-28T12:00:00+05:30,"SYNTHETIC demo data (KaushalSetu SIH prototype): fictional entities, team-assumed numbers, not real or official statistics.",true
04595f89-5247-53ca-85e9-fd23091f7f22,b9528430-ebb4-544a-b476-b0531181eea6,T-03,"[""Instructor training certificate (demo record)""]",true,Y06,"KaushalSetu synthetic generator v2, seed 20260929",2026-09-28T12:00:00+05:30,"SYNTHETIC demo data (KaushalSetu SIH prototype): fictional entities, team-assumed numbers, not real or official statistics.",true
6e4b6646-0222-511c-beed-df2e50f92561,b9528430-ebb4-544a-b476-b0531181eea6,T-04,"[""Instructor training certificate (demo record)""]",true,Y06,"KaushalSetu synthetic generator v2, seed 20260929",2026-09-28T12:00:00+05:30,"SYNTHETIC demo data (KaushalSetu SIH prototype): fictional entities, team-assumed numbers, not real or official statistics.",true
10e517e9-1e25-5d5b-8563-d1d6eae1d982,559407cf-984a-5e5f-aa4e-1e5a396e1c2b,T-01,"[""Solar installation training (demo record)""]",true,Y06,"KaushalSetu synthetic generator v2, seed 20260929",2026-09-28T12:00:00+05:30,"SYNTHETIC demo data (KaushalSetu SIH prototype): fictional entities, team-assumed numbers, not real or official statistics.",true
43292c3e-436b-5ead-9fb5-1318179473e9,559407cf-984a-5e5f-aa4e-1e5a396e1c2b,T-02,"[""Solar installation training (demo record)""]",true,Y06,"KaushalSetu synthetic generator v2, seed 20260929",2026-09-28T12:00:00+05:30,"SYNTHETIC demo data (KaushalSetu SIH prototype): fictional entities, team-assumed numbers, not real or official statistics.",true
72760ecb-1a0a-5124-b657-df79955adc9a,559407cf-984a-5e5f-aa4e-1e5a396e1c2b,T-03,"[""EV charger installation training (demo record)""]",true,Y06,"KaushalSetu synthetic generator v2, seed 20260929",2026-09-28T12:00:00+05:30,"SYNTHETIC demo data (KaushalSetu SIH prototype): fictional entities, team-assumed numbers, not real or official statistics.",true
fb70693a-33ef-52f7-b0bd-448f304f4fb3,559407cf-984a-5e5f-aa4e-1e5a396e1c2b,T-04,"[""EV charger installation training (demo record)""]",true,Y06,"KaushalSetu synthetic generator v2, seed 20260929",2026-09-28T12:00:00+05:30,"SYNTHETIC demo data (KaushalSetu SIH prototype): fictional entities, team-assumed numbers, not real or official statistics.",true
83c26f0e-63ae-5e2f-9b11-805270cf8b06,78b1a0b6-76ac-577a-b682-d55c09c0a608,T-01,"[""Instructor training certificate (demo record)""]",true,Y06,"KaushalSetu synthetic generator v2, seed 20260929",2026-09-28T12:00:00+05:30,"SYNTHETIC demo data (KaushalSetu SIH prototype): fictional entities, team-assumed numbers, not real or official statistics.",true
a0ecfae5-f63b-5157-9f83-192cc2c57018,78b1a0b6-76ac-577a-b682-d55c09c0a608,T-02,"[""Instructor training certificate (demo record)""]",true,Y06,"KaushalSetu synthetic generator v2, seed 20260929",2026-09-28T12:00:00+05:30,"SYNTHETIC demo data (KaushalSetu SIH prototype): fictional entities, team-assumed numbers, not real or official statistics.",true
3ee3774f-be73-53ed-b57b-c70b6f8491ec,78b1a0b6-76ac-577a-b682-d55c09c0a608,T-03,"[""Instructor training certificate (demo record)""]",true,Y06,"KaushalSetu synthetic generator v2, seed 20260929",2026-09-28T12:00:00+05:30,"SYNTHETIC demo data (KaushalSetu SIH prototype): fictional entities, team-assumed numbers, not real or official statistics.",true
5f1859fb-708d-55bb-bf77-ec4bc4b6eb1d,78b1a0b6-76ac-577a-b682-d55c09c0a608,T-04,"[""Instructor training certificate (demo record)""]",true,Y06,"KaushalSetu synthetic generator v2, seed 20260929",2026-09-28T12:00:00+05:30,"SYNTHETIC demo data (KaushalSetu SIH prototype): fictional entities, team-assumed numbers, not real or official statistics.",true
1ced1c98-81d6-517c-bdaa-653109b5501f,f8a9a706-6d2e-57aa-887d-3828a532ce45,T-01,"[""Instructor training certificate (demo record)""]",true,Y06,"KaushalSetu synthetic generator v2, seed 20260929",2026-09-28T12:00:00+05:30,"SYNTHETIC demo data (KaushalSetu SIH prototype): fictional entities, team-assumed numbers, not real or official statistics.",true
8ac33648-595d-52f6-8eb9-5fce5f018154,f8a9a706-6d2e-57aa-887d-3828a532ce45,T-02,"[""Instructor training certificate (demo record)""]",true,Y06,"KaushalSetu synthetic generator v2, seed 20260929",2026-09-28T12:00:00+05:30,"SYNTHETIC demo data (KaushalSetu SIH prototype): fictional entities, team-assumed numbers, not real or official statistics.",true
