trainer_id,skill_id,band,source,source_ref,fetched_at,license_note,is_synthetic
e0dc2d28-c1fc-5bac-824c-28ce46feddca,8ef0b61f-e058-55ff-b569-058bf9c2611a,3,Y06,"KaushalSetu synthetic generator v2, seed 20260929",2026-09-28T12:00:00+05:30,"SYNTHETIC demo data (KaushalSetu SIH prototype): fictional entities, team-assumed numbers, not real or official statistics.",true
e0dc2d28-c1fc-5bac-824c-28ce46feddca,fe1f87ba-b22b-51e9-a579-2156f00496b3,2,Y06,"KaushalSetu synthetic generator v2, seed 20260929",2026-09-28T12:00:00+05:30,"SYNTHETIC demo data (KaushalSetu SIH prototype): fictional entities, team-assumed numbers, not real or official statistics.",true
e0dc2d28-c1fc-5bac-824c-28ce46feddca,96e0656b-71f0-5ac1-b138-404f9c466e52,1,Y06,"KaushalSetu synthetic generator v2, seed 20260929",2026-09-28T12:00:00+05:30,"SYNTHETIC demo data (KaushalSetu SIH prototype): fictional entities, team-assumed numbers, not real or official statistics.",true
e0dc2d28-c1fc-5bac-824c-28ce46feddca,7e6124ac-bc49-5c38-a1d9-1ee974ba0c90,1,Y06,"KaushalSetu synthetic generator v2, seed 20260929",2026-09-28T12:00:00+05:30,"SYNTHETIC demo data (KaushalSetu SIH prototype): fictional entities, team-assumed numbers, not real or official statistics.",true
e0dc2d28-c1fc-5bac-824c-28ce46feddca,1410f386-d9ff-5480-898b-1c4f925f7b61,3,Y06,"KaushalSetu synthetic generator v2, seed 20260929",2026-09-28T12:00:00+05:30,"SYNTHETIC demo data (KaushalSetu SIH prototype): fictional entities, team-assumed numbers, not real or official statistics.",true
e0dc2d28-c1fc-5bac-824c-28ce46feddca,aceccee2-272c-51f4-9894-7cda2515bace,1,Y06,"KaushalSetu synthetic generator v2, seed 20260929",2026-09-28T12:00:00+05:30,"SYNTHETIC demo data (KaushalSetu SIH prototype): fictional entities, team-assumed numbers, not real or official statistics.",true
e0dc2d28-c1fc-5bac-824c-28ce46feddca,dd8d79cf-0adb-5b51-bc22-17e07695f258,2,Y06,"KaushalSetu synthetic generator v2, seed 20260929",2026-09-28T12:00:00+05:30,"SYNTHETIC demo data (KaushalSetu SIH prototype): fictional entities, team-assumed numbers, not real or official statistics.",true
e0dc2d28-c1fc-5bac-824c-28ce46feddca,3a7a7093-1c3d-5e15-94d0-dcbac3794d85,3,Y06,"KaushalSetu synthetic generator v2, seed 20260929",2026-09-28T12:00:00+05:30,"SYNTHETIC demo data (KaushalSetu SIH prototype): fictional entities, team-assumed numbers, not real or official statistics.",true
2e6ebb57-5dec-5360-901b-5ef634fd4c3e,8ef0b61f-e058-55ff-b569-058bf9c2611a,3,Y06,"KaushalSetu synthetic generator v2, seed 20260929",2026-09-28T12:00:00+05:30,"SYNTHETIC demo data (KaushalSetu SIH prototype): fictional entities, team-assumed numbers, not real or official statistics.",true
2e6ebb57-5dec-5360-901b-5ef634fd4c3e,fe1f87ba-b22b-51e9-a579-2156f00496b3,2,Y06,"KaushalSetu synthetic generator v2, seed 20260929",2026-09-28T12:00:00+05:30,"SYNTHETIC demo data (KaushalSetu SIH prototype): fictional entities, team-assumed numbers, not real or official statistics.",true
2e6ebb57-5dec-5360-901b-5ef634fd4c3e,96e0656b-71f0-5ac1-b138-404f9c466e52,1,Y06,"KaushalSetu synthetic generator v2, seed 20260929",2026-09-28T12:00:00+05:30,"SYNTHETIC demo data (KaushalSetu SIH prototype): fictional entities, team-assumed numbers, not real or official statistics.",true
2e6ebb57-5dec-5360-901b-5ef634fd4c3e,7e6124ac-bc49-5c38-a1d9-1ee974ba0c90,1,Y06,"KaushalSetu synthetic generator v2, seed 20260929",2026-09-28T12:00:00+05:30,"SYNTHETIC demo data (KaushalSetu SIH prototype): fictional entities, team-assumed numbers, not real or official statistics.",true
2e6ebb57-5dec-5360-901b-5ef634fd4c3e,1410f386-d9ff-5480-898b-1c4f925f7b61,3,Y06,"KaushalSetu synthetic generator v2, seed 20260929",2026-09-28T12:00:00+05:30,"SYNTHETIC demo data (KaushalSetu SIH prototype): fictional entities, team-assumed numbers, not real or official statistics.",true
2e6ebb57-5dec-5360-901b-5ef634fd4c3e,aceccee2-272c-51f4-9894-7cda2515bace,1,Y06,"KaushalSetu synthetic generator v2, seed 20260929",2026-09-28T12:00:00+05:30,"SYNTHETIC demo data (KaushalSetu SIH prototype): fictional entities, team-assumed numbers, not real or official statistics.",true
2e6ebb57-5dec-5360-901b-5ef634fd4c3e,dd8d79cf-0adb-5b51-bc22-17e07695f258,2,Y06,"KaushalSetu synthetic generator v2, seed 20260929",2026-09-28T12:00:00+05:30,"SYNTHETIC demo data (KaushalSetu SIH prototype): fictional entities, team-assumed numbers, not real or official statistics.",true
2e6ebb57-5dec-5360-901b-5ef634fd4c3e,3a7a7093-1c3d-5e15-94d0-dcbac3794d85,3,Y06,"KaushalSetu synthetic generator v2, seed 20260929",2026-09-28T12:00:00+05:30,"SYNTHETIC demo data (KaushalSetu SIH prototype): fictional entities, team-assumed numbers, not real or official statistics.",true
430c7bef-0e6b-554c-8d61-5ca6319c59b1,8ef0b61f-e058-55ff-b569-058bf9c2611a,2,Y06,"KaushalSetu synthetic generator v2, seed 20260929",2026-09-28T12:00:00+05:30,"SYNTHETIC demo data (KaushalSetu SIH prototype): fictional entities, team-assumed numbers, not real or official statistics.",true
430c7bef-0e6b-554c-8d61-5ca6319c59b1,fe1f87ba-b22b-51e9-a579-2156f00496b3,2,Y06,"KaushalSetu synthetic generator v2, seed 20260929",2026-09-28T12:00:00+05:30,"SYNTHETIC demo data (KaushalSetu SIH prototype): fictional entities, team-assumed numbers, not real or official statistics.",true
430c7bef-0e6b-554c-8d61-5ca6319c59b1,7e6124ac-bc49-5c38-a1d9-1ee974ba0c90,2,Y06,"KaushalSetu synthetic generator v2, seed 20260929",2026-09-28T12:00:00+05:30,"SYNTHETIC demo data (KaushalSetu SIH prototype): fictional entities, team-assumed numbers, not real or official statistics.",true
430c7bef-0e6b-554c-8d61-5ca6319c59b1,1410f386-d9ff-5480-898b-1c4f925f7b61,2,Y06,"KaushalSetu synthetic generator v2, seed 20260929",2026-09-28T12:00:00+05:30,"SYNTHETIC demo data (KaushalSetu SIH prototype): fictional entities, team-assumed numbers, not real or official statistics.",true
8aeba1e8-582c-5780-b096-3c93eb1abfce,8ef0b61f-e058-55ff-b569-058bf9c2611a,2,Y06,"KaushalSetu synthetic generator v2, seed 20260929",2026-09-28T12:00:00+05:30,"SYNTHETIC demo data (KaushalSetu SIH prototype): fictional entities, team-assumed numbers, not real or official statistics.",true
8aeba1e8-582c-5780-b096-3c93eb1abfce,fe1f87ba-b22b-51e9-a579-2156f00496b3,2,Y06,"KaushalSetu synthetic generator v2, seed 20260929",2026-09-28T12:00:00+05:30,"SYNTHETIC demo data (KaushalSetu SIH prototype): fictional entities, team-assumed numbers, not real or official statistics.",true
8aeba1e8-582c-5780-b096-3c93eb1abfce,7e6124ac-bc49-5c38-a1d9-1ee974ba0c90,2,Y06,"KaushalSetu synthetic generator v2, seed 20260929",2026-09-28T12:00:00+05:30,"SYNTHETIC demo data (KaushalSetu SIH prototype): fictional entities, team-assumed numbers, not real or official statistics.",true
8aeba1e8-582c-5780-b096-3c93eb1abfce,1410f386-d9ff-5480-898b-1c4f925f7b61,2,Y06,"KaushalSetu synthetic generator v2, seed 20260929",2026-09-28T12:00:00+05:30,"SYNTHETIC demo data (KaushalSetu SIH prototype): fictional entities, team-assumed numbers, not real or official statistics.",true
7220b406-1467-536d-9a72-11c787097274,8ef0b61f-e058-55ff-b569-058bf9c2611a,3,Y06,"KaushalSetu synthetic generator v2, seed 20260929",2026-09-28T12:00:00+05:30,"SYNTHETIC demo data (KaushalSetu SIH prototype): fictional entities, team-assumed numbers, not real or official statistics.",true
7220b406-1467-536d-9a72-11c787097274,fe1f87ba-b22b-51e9-a579-2156f00496b3,2,Y06,"KaushalSetu synthetic generator v2, seed 20260929",2026-09-28T12:00:00+05:30,"SYNTHETIC demo data (KaushalSetu SIH prototype): fictional entities, team-assumed numbers, not real or official statistics.",true
7220b406-1467-536d-9a72-11c787097274,96e0656b-71f0-5ac1-b138-404f9c466e52,1,Y06,"KaushalSetu synthetic generator v2, seed 20260929",2026-09-28T12:00:00+05:30,"SYNTHETIC demo data (KaushalSetu SIH prototype): fictional entities, team-assumed numbers, not real or official statistics.",true
7220b406-1467-536d-9a72-11c787097274,7e6124ac-bc49-5c38-a1d9-1ee974ba0c90,1,Y06,"KaushalSetu synthetic generator v2, seed 20260929",2026-09-28T12:00:00+05:30,"SYNTHETIC demo data (KaushalSetu SIH prototype): fictional entities, team-assumed numbers, not real or official statistics.",true
7220b406-1467-536d-9a72-11c787097274,1410f386-d9ff-5480-898b-1c4f925f7b61,3,Y06,"KaushalSetu synthetic generator v2, seed 20260929",2026-09-28T12:00:00+05:30,"SYNTHETIC demo data (KaushalSetu SIH prototype): fictional entities, team-assumed numbers, not real or official statistics.",true
7220b406-1467-536d-9a72-11c787097274,aceccee2-272c-51f4-9894-7cda2515bace,1,Y06,"KaushalSetu synthetic generator v2, seed 20260929",2026-09-28T12:00:00+05:30,"SYNTHETIC demo data (KaushalSetu SIH prototype): fictional entities, team-assumed numbers, not real or official statistics.",true
7220b406-1467-536d-9a72-11c787097274,dd8d79cf-0adb-5b51-bc22-17e07695f258,2,Y06,"KaushalSetu synthetic generator v2, seed 20260929",2026-09-28T12:00:00+05:30,"SYNTHETIC demo data (KaushalSetu SIH prototype): fictional entities, team-assumed numbers, not real or official statistics.",true
7220b406-1467-536d-9a72-11c787097274,3a7a7093-1c3d-5e15-94d0-dcbac3794d85,3,Y06,"KaushalSetu synthetic generator v2, seed 20260929",2026-09-28T12:00:00+05:30,"SYNTHETIC demo data (KaushalSetu SIH prototype): fictional entities, team-assumed numbers, not real or official statistics.",true
7dc4818a-b603-5f0e-8419-bea3325ab34f,8ef0b61f-e058-55ff-b569-058bf9c2611a,3,Y06,"KaushalSetu synthetic generator v2, seed 20260929",2026-09-28T12:00:00+05:30,"SYNTHETIC demo data (KaushalSetu SIH prototype): fictional entities, team-assumed numbers, not real or official statistics.",true
7dc4818a-b603-5f0e-8419-bea3325ab34f,fe1f87ba-b22b-51e9-a579-2156f00496b3,2,Y06,"KaushalSetu synthetic generator v2, seed 20260929",2026-09-28T12:00:00+05:30,"SYNTHETIC demo data (KaushalSetu SIH prototype): fictional entities, team-assumed numbers, not real or official statistics.",true
7dc4818a-b603-5f0e-8419-bea3325ab34f,96e0656b-71f0-5ac1-b138-404f9c466e52,1,Y06,"KaushalSetu synthetic generator v2, seed 20260929",2026-09-28T12:00:00+05:30,"SYNTHETIC demo data (KaushalSetu SIH prototype): fictional entities, team-assumed numbers, not real or official statistics.",true
7dc4818a-b603-5f0e-8419-bea3325ab34f,7e6124ac-bc49-5c38-a1d9-1ee974ba0c90,1,Y06,"KaushalSetu synthetic generator v2, seed 20260929",2026-09-28T12:00:00+05:30,"SYNTHETIC demo data (KaushalSetu SIH prototype): fictional entities, team-assumed numbers, not real or official statistics.",true
7dc4818a-b603-5f0e-8419-bea3325ab34f,1410f386-d9ff-5480-898b-1c4f925f7b61,3,Y06,"KaushalSetu synthetic generator v2, seed 20260929",2026-09-28T12:00:00+05:30,"SYNTHETIC demo data (KaushalSetu SIH prototype): fictional entities, team-assumed numbers, not real or official statistics.",true
7dc4818a-b603-5f0e-8419-bea3325ab34f,aceccee2-272c-51f4-9894-7cda2515bace,1,Y06,"KaushalSetu synthetic generator v2, seed 20260929",2026-09-28T12:00:00+05:30,"SYNTHETIC demo data (KaushalSetu SIH prototype): fictional entities, team-assumed numbers, not real or official statistics.",true
7dc4818a-b603-5f0e-8419-bea3325ab34f,dd8d79cf-0adb-5b51-bc22-17e07695f258,2,Y06,"KaushalSetu synthetic generator v2, seed 20260929",2026-09-28T12:00:00+05:30,"SYNTHETIC demo data (KaushalSetu SIH prototype): fictional entities, team-assumed numbers, not real or official statistics.",true
7dc4818a-b603-5f0e-8419-bea3325ab34f,3a7a7093-1c3d-5e15-94d0-dcbac3794d85,3,Y06,"KaushalSetu synthetic generator v2, seed 20260929",2026-09-28T12:00:00+05:30,"SYNTHETIC demo data (KaushalSetu SIH prototype): fictional entities, team-assumed numbers, not real or official statistics.",true
19293bf7-bb81-55f0-8e6c-c8c592b06e2b,57a4805a-91b2-5fc9-8633-cab452170c5a,2,Y06,"KaushalSetu synthetic generator v2, seed 20260929",2026-09-28T12:00:00+05:30,"SYNTHETIC demo data (KaushalSetu SIH prototype): fictional entities, team-assumed numbers, not real or official statistics.",true
19293bf7-bb81-55f0-8e6c-c8c592b06e2b,2a20981d-4161-5d60-a95d-5152cbed8f9c,3,Y06,"KaushalSetu synthetic generator v2, seed 20260929",2026-09-28T12:00:00+05:30,"SYNTHETIC demo data (KaushalSetu SIH prototype): fictional entities, team-assumed numbers, not real or official statistics.",true
19293bf7-bb81-55f0-8e6c-c8c592b06e2b,91acb70e-5f82-5058-a31e-34af08f6695f,2,Y06,"KaushalSetu synthetic generator v2, seed 20260929",2026-09-28T12:00:00+05:30,"SYNTHETIC demo data (KaushalSetu SIH prototype): fictional entities, team-assumed numbers, not real or official statistics.",true
19293bf7-bb81-55f0-8e6c-c8c592b06e2b,650f9a63-4d9b-568e-b619-5e9b28f26f84,2,Y06,"KaushalSetu synthetic generator v2, seed 20260929",2026-09-28T12:00:00+05:30,"SYNTHETIC demo data (KaushalSetu SIH prototype): fictional entities, team-assumed numbers, not real or official statistics.",true
19293bf7-bb81-55f0-8e6c-c8c592b06e2b,96e0656b-71f0-5ac1-b138-404f9c466e52,2,Y06,"KaushalSetu synthetic generator v2, seed 20260929",2026-09-28T12:00:00+05:30,"SYNTHETIC demo data (KaushalSetu SIH prototype): fictional entities, team-assumed numbers, not real or official statistics.",true
19293bf7-bb81-55f0-8e6c-c8c592b06e2b,1410f386-d9ff-5480-898b-1c4f925f7b61,2,Y06,"KaushalSetu synthetic generator v2, seed 20260929",2026-09-28T12:00:00+05:30,"SYNTHETIC demo data (KaushalSetu SIH prototype): fictional entities, team-assumed numbers, not real or official statistics.",true
e1f85872-2050-5673-95e6-918aab9d2d34,57a4805a-91b2-5fc9-8633-cab452170c5a,2,Y06,"KaushalSetu synthetic generator v2, seed 20260929",2026-09-28T12:00:00+05:30,"SYNTHETIC demo data (KaushalSetu SIH prototype): fictional entities, team-assumed numbers, not real or official statistics.",true
e1f85872-2050-5673-95e6-918aab9d2d34,2a20981d-4161-5d60-a95d-5152cbed8f9c,3,Y06,"KaushalSetu synthetic generator v2, seed 20260929",2026-09-28T12:00:00+05:30,"SYNTHETIC demo data (KaushalSetu SIH prototype): fictional entities, team-assumed numbers, not real or official statistics.",true
e1f85872-2050-5673-95e6-918aab9d2d34,91acb70e-5f82-5058-a31e-34af08f6695f,2,Y06,"KaushalSetu synthetic generator v2, seed 20260929",2026-09-28T12:00:00+05:30,"SYNTHETIC demo data (KaushalSetu SIH prototype): fictional entities, team-assumed numbers, not real or official statistics.",true
e1f85872-2050-5673-95e6-918aab9d2d34,650f9a63-4d9b-568e-b619-5e9b28f26f84,2,Y06,"KaushalSetu synthetic generator v2, seed 20260929",2026-09-28T12:00:00+05:30,"SYNTHETIC demo data (KaushalSetu SIH prototype): fictional entities, team-assumed numbers, not real or official statistics.",true
e1f85872-2050-5673-95e6-918aab9d2d34,96e0656b-71f0-5ac1-b138-404f9c466e52,2,Y06,"KaushalSetu synthetic generator v2, seed 20260929",2026-09-28T12:00:00+05:30,"SYNTHETIC demo data (KaushalSetu SIH prototype): fictional entities, team-assumed numbers, not real or official statistics.",true
e1f85872-2050-5673-95e6-918aab9d2d34,1410f386-d9ff-5480-898b-1c4f925f7b61,2,Y06,"KaushalSetu synthetic generator v2, seed 20260929",2026-09-28T12:00:00+05:30,"SYNTHETIC demo data (KaushalSetu SIH prototype): fictional entities, team-assumed numbers, not real or official statistics.",true
567da232-1a3d-51d3-8219-32c4ae02c6ed,8ef0b61f-e058-55ff-b569-058bf9c2611a,3,Y06,"KaushalSetu synthetic generator v2, seed 20260929",2026-09-28T12:00:00+05:30,"SYNTHETIC demo data (KaushalSetu SIH prototype): fictional entities, team-assumed numbers, not real or official statistics.",true
567da232-1a3d-51d3-8219-32c4ae02c6ed,fe1f87ba-b22b-51e9-a579-2156f00496b3,2,Y06,"KaushalSetu synthetic generator v2, seed 20260929",2026-09-28T12:00:00+05:30,"SYNTHETIC demo data (KaushalSetu SIH prototype): fictional entities, team-assumed numbers, not real or official statistics.",true
567da232-1a3d-51d3-8219-32c4ae02c6ed,96e0656b-71f0-5ac1-b138-404f9c466e52,1,Y06,"KaushalSetu synthetic generator v2, seed 20260929",2026-09-28T12:00:00+05:30,"SYNTHETIC demo data (KaushalSetu SIH prototype): fictional entities, team-assumed numbers, not real or official statistics.",true
567da232-1a3d-51d3-8219-32c4ae02c6ed,7e6124ac-bc49-5c38-a1d9-1ee974ba0c90,1,Y06,"KaushalSetu synthetic generator v2, seed 20260929",2026-09-28T12:00:00+05:30,"SYNTHETIC demo data (KaushalSetu SIH prototype): fictional entities, team-assumed numbers, not real or official statistics.",true
567da232-1a3d-51d3-8219-32c4ae02c6ed,1410f386-d9ff-5480-898b-1c4f925f7b61,3,Y06,"KaushalSetu synthetic generator v2, seed 20260929",2026-09-28T12:00:00+05:30,"SYNTHETIC demo data (KaushalSetu SIH prototype): fictional entities, team-assumed numbers, not real or official statistics.",true
567da232-1a3d-51d3-8219-32c4ae02c6ed,aceccee2-272c-51f4-9894-7cda2515bace,1,Y06,"KaushalSetu synthetic generator v2, seed 20260929",2026-09-28T12:00:00+05:30,"SYNTHETIC demo data (KaushalSetu SIH prototype): fictional entities, team-assumed numbers, not real or official statistics.",true
567da232-1a3d-51d3-8219-32c4ae02c6ed,dd8d79cf-0adb-5b51-bc22-17e07695f258,2,Y06,"KaushalSetu synthetic generator v2, seed 20260929",2026-09-28T12:00:00+05:30,"SYNTHETIC demo data (KaushalSetu SIH prototype): fictional entities, team-assumed numbers, not real or official statistics.",true
567da232-1a3d-51d3-8219-32c4ae02c6ed,3a7a7093-1c3d-5e15-94d0-dcbac3794d85,3,Y06,"KaushalSetu synthetic generator v2, seed 20260929",2026-09-28T12:00:00+05:30,"SYNTHETIC demo data (KaushalSetu SIH prototype): fictional entities, team-assumed numbers, not real or official statistics.",true
3562e3dd-29a1-56cd-ae11-2165645b7867,8ef0b61f-e058-55ff-b569-058bf9c2611a,3,Y06,"KaushalSetu synthetic generator v2, seed 20260929",2026-09-28T12:00:00+05:30,"SYNTHETIC demo data (KaushalSetu SIH prototype): fictional entities, team-assumed numbers, not real or official statistics.",true
3562e3dd-29a1-56cd-ae11-2165645b7867,fe1f87ba-b22b-51e9-a579-2156f00496b3,2,Y06,"KaushalSetu synthetic generator v2, seed 20260929",2026-09-28T12:00:00+05:30,"SYNTHETIC demo data (KaushalSetu SIH prototype): fictional entities, team-assumed numbers, not real or official statistics.",true
3562e3dd-29a1-56cd-ae11-2165645b7867,96e0656b-71f0-5ac1-b138-404f9c466e52,1,Y06,"KaushalSetu synthetic generator v2, seed 20260929",2026-09-28T12:00:00+05:30,"SYNTHETIC demo data (KaushalSetu SIH prototype): fictional entities, team-assumed numbers, not real or official statistics.",true
3562e3dd-29a1-56cd-ae11-2165645b7867,7e6124ac-bc49-5c38-a1d9-1ee974ba0c90,1,Y06,"KaushalSetu synthetic generator v2, seed 20260929",2026-09-28T12:00:00+05:30,"SYNTHETIC demo data (KaushalSetu SIH prototype): fictional entities, team-assumed numbers, not real or official statistics.",true
3562e3dd-29a1-56cd-ae11-2165645b7867,1410f386-d9ff-5480-898b-1c4f925f7b61,3,Y06,"KaushalSetu synthetic generator v2, seed 20260929",2026-09-28T12:00:00+05:30,"SYNTHETIC demo data (KaushalSetu SIH prototype): fictional entities, team-assumed numbers, not real or official statistics.",true
3562e3dd-29a1-56cd-ae11-2165645b7867,aceccee2-272c-51f4-9894-7cda2515bace,1,Y06,"KaushalSetu synthetic generator v2, seed 20260929",2026-09-28T12:00:00+05:30,"SYNTHETIC demo data (KaushalSetu SIH prototype): fictional entities, team-assumed numbers, not real or official statistics.",true
3562e3dd-29a1-56cd-ae11-2165645b7867,dd8d79cf-0adb-5b51-bc22-17e07695f258,2,Y06,"KaushalSetu synthetic generator v2, seed 20260929",2026-09-28T12:00:00+05:30,"SYNTHETIC demo data (KaushalSetu SIH prototype): fictional entities, team-assumed numbers, not real or official statistics.",true
3562e3dd-29a1-56cd-ae11-2165645b7867,3a7a7093-1c3d-5e15-94d0-dcbac3794d85,3,Y06,"KaushalSetu synthetic generator v2, seed 20260929",2026-09-28T12:00:00+05:30,"SYNTHETIC demo data (KaushalSetu SIH prototype): fictional entities, team-assumed numbers, not real or official statistics.",true
5b2d1f09-6eb6-56db-8a63-11b4198bef73,8ef0b61f-e058-55ff-b569-058bf9c2611a,2,Y06,"KaushalSetu synthetic generator v2, seed 20260929",2026-09-28T12:00:00+05:30,"SYNTHETIC demo data (KaushalSetu SIH prototype): fictional entities, team-assumed numbers, not real or official statistics.",true
5b2d1f09-6eb6-56db-8a63-11b4198bef73,fe1f87ba-b22b-51e9-a579-2156f00496b3,2,Y06,"KaushalSetu synthetic generator v2, seed 20260929",2026-09-28T12:00:00+05:30,"SYNTHETIC demo data (KaushalSetu SIH prototype): fictional entities, team-assumed numbers, not real or official statistics.",true
5b2d1f09-6eb6-56db-8a63-11b4198bef73,7e6124ac-bc49-5c38-a1d9-1ee974ba0c90,2,Y06,"KaushalSetu synthetic generator v2, seed 20260929",2026-09-28T12:00:00+05:30,"SYNTHETIC demo data (KaushalSetu SIH prototype): fictional entities, team-assumed numbers, not real or official statistics.",true
5b2d1f09-6eb6-56db-8a63-11b4198bef73,1410f386-d9ff-5480-898b-1c4f925f7b61,2,Y06,"KaushalSetu synthetic generator v2, seed 20260929",2026-09-28T12:00:00+05:30,"SYNTHETIC demo data (KaushalSetu SIH prototype): fictional entities, team-assumed numbers, not real or official statistics.",true
c89d02d9-7354-5a3c-8a07-03c6c2caed32,8ef0b61f-e058-55ff-b569-058bf9c2611a,2,Y06,"KaushalSetu synthetic generator v2, seed 20260929",2026-09-28T12:00:00+05:30,"SYNTHETIC demo data (KaushalSetu SIH prototype): fictional entities, team-assumed numbers, not real or official statistics.",true
c89d02d9-7354-5a3c-8a07-03c6c2caed32,fe1f87ba-b22b-51e9-a579-2156f00496b3,2,Y06,"KaushalSetu synthetic generator v2, seed 20260929",2026-09-28T12:00:00+05:30,"SYNTHETIC demo data (KaushalSetu SIH prototype): fictional entities, team-assumed numbers, not real or official statistics.",true
c89d02d9-7354-5a3c-8a07-03c6c2caed32,7e6124ac-bc49-5c38-a1d9-1ee974ba0c90,2,Y06,"KaushalSetu synthetic generator v2, seed 20260929",2026-09-28T12:00:00+05:30,"SYNTHETIC demo data (KaushalSetu SIH prototype): fictional entities, team-assumed numbers, not real or official statistics.",true
c89d02d9-7354-5a3c-8a07-03c6c2caed32,1410f386-d9ff-5480-898b-1c4f925f7b61,2,Y06,"KaushalSetu synthetic generator v2, seed 20260929",2026-09-28T12:00:00+05:30,"SYNTHETIC demo data (KaushalSetu SIH prototype): fictional entities, team-assumed numbers, not real or official statistics.",true
9fb32287-f458-5e1b-8cc0-df6d3dd60bf9,aceccee2-272c-51f4-9894-7cda2515bace,3,Y06,"KaushalSetu synthetic generator v2, seed 20260929",2026-09-28T12:00:00+05:30,"SYNTHETIC demo data (KaushalSetu SIH prototype): fictional entities, team-assumed numbers, not real or official statistics.",true
9fb32287-f458-5e1b-8cc0-df6d3dd60bf9,1410f386-d9ff-5480-898b-1c4f925f7b61,2,Y06,"KaushalSetu synthetic generator v2, seed 20260929",2026-09-28T12:00:00+05:30,"SYNTHETIC demo data (KaushalSetu SIH prototype): fictional entities, team-assumed numbers, not real or official statistics.",true
9fb32287-f458-5e1b-8cc0-df6d3dd60bf9,f0af4a4e-db42-51ed-87e3-58e26be3ece6,3,Y06,"KaushalSetu synthetic generator v2, seed 20260929",2026-09-28T12:00:00+05:30,"SYNTHETIC demo data (KaushalSetu SIH prototype): fictional entities, team-assumed numbers, not real or official statistics.",true
9fb32287-f458-5e1b-8cc0-df6d3dd60bf9,96e0656b-71f0-5ac1-b138-404f9c466e52,2,Y06,"KaushalSetu synthetic generator v2, seed 20260929",2026-09-28T12:00:00+05:30,"SYNTHETIC demo data (KaushalSetu SIH prototype): fictional entities, team-assumed numbers, not real or official statistics.",true
9fb32287-f458-5e1b-8cc0-df6d3dd60bf9,a839ef92-1395-54fb-b1cf-f0402a1eb876,3,Y06,"KaushalSetu synthetic generator v2, seed 20260929",2026-09-28T12:00:00+05:30,"SYNTHETIC demo data (KaushalSetu SIH prototype): fictional entities, team-assumed numbers, not real or official statistics.",true
9fb32287-f458-5e1b-8cc0-df6d3dd60bf9,3256b36d-74be-5c93-9b78-6c87262cf990,2,Y06,"KaushalSetu synthetic generator v2, seed 20260929",2026-09-28T12:00:00+05:30,"SYNTHETIC demo data (KaushalSetu SIH prototype): fictional entities, team-assumed numbers, not real or official statistics.",true
9fb32287-f458-5e1b-8cc0-df6d3dd60bf9,34cfb2ed-4ae1-5f12-84ad-9164264b4d79,2,Y06,"KaushalSetu synthetic generator v2, seed 20260929",2026-09-28T12:00:00+05:30,"SYNTHETIC demo data (KaushalSetu SIH prototype): fictional entities, team-assumed numbers, not real or official statistics.",true
1c370f2b-0612-5fa9-8850-8d2dcab3f914,aceccee2-272c-51f4-9894-7cda2515bace,3,Y06,"KaushalSetu synthetic generator v2, seed 20260929",2026-09-28T12:00:00+05:30,"SYNTHETIC demo data (KaushalSetu SIH prototype): fictional entities, team-assumed numbers, not real or official statistics.",true
1c370f2b-0612-5fa9-8850-8d2dcab3f914,1410f386-d9ff-5480-898b-1c4f925f7b61,2,Y06,"KaushalSetu synthetic generator v2, seed 20260929",2026-09-28T12:00:00+05:30,"SYNTHETIC demo data (KaushalSetu SIH prototype): fictional entities, team-assumed numbers, not real or official statistics.",true
1c370f2b-0612-5fa9-8850-8d2dcab3f914,f0af4a4e-db42-51ed-87e3-58e26be3ece6,3,Y06,"KaushalSetu synthetic generator v2, seed 20260929",2026-09-28T12:00:00+05:30,"SYNTHETIC demo data (KaushalSetu SIH prototype): fictional entities, team-assumed numbers, not real or official statistics.",true
1c370f2b-0612-5fa9-8850-8d2dcab3f914,96e0656b-71f0-5ac1-b138-404f9c466e52,2,Y06,"KaushalSetu synthetic generator v2, seed 20260929",2026-09-28T12:00:00+05:30,"SYNTHETIC demo data (KaushalSetu SIH prototype): fictional entities, team-assumed numbers, not real or official statistics.",true
1c370f2b-0612-5fa9-8850-8d2dcab3f914,a839ef92-1395-54fb-b1cf-f0402a1eb876,3,Y06,"KaushalSetu synthetic generator v2, seed 20260929",2026-09-28T12:00:00+05:30,"SYNTHETIC demo data (KaushalSetu SIH prototype): fictional entities, team-assumed numbers, not real or official statistics.",true
1c370f2b-0612-5fa9-8850-8d2dcab3f914,3256b36d-74be-5c93-9b78-6c87262cf990,2,Y06,"KaushalSetu synthetic generator v2, seed 20260929",2026-09-28T12:00:00+05:30,"SYNTHETIC demo data (KaushalSetu SIH prototype): fictional entities, team-assumed numbers, not real or official statistics.",true
1c370f2b-0612-5fa9-8850-8d2dcab3f914,34cfb2ed-4ae1-5f12-84ad-9164264b4d79,2,Y06,"KaushalSetu synthetic generator v2, seed 20260929",2026-09-28T12:00:00+05:30,"SYNTHETIC demo data (KaushalSetu SIH prototype): fictional entities, team-assumed numbers, not real or official statistics.",true
1ec4bb84-6943-59bf-98e0-058d320567e8,a81a6b02-0664-5e71-b730-da8e67473011,3,Y06,"KaushalSetu synthetic generator v2, seed 20260929",2026-09-28T12:00:00+05:30,"SYNTHETIC demo data (KaushalSetu SIH prototype): fictional entities, team-assumed numbers, not real or official statistics.",true
1ec4bb84-6943-59bf-98e0-058d320567e8,8ef0b61f-e058-55ff-b569-058bf9c2611a,2,Y06,"KaushalSetu synthetic generator v2, seed 20260929",2026-09-28T12:00:00+05:30,"SYNTHETIC demo data (KaushalSetu SIH prototype): fictional entities, team-assumed numbers, not real or official statistics.",true
1ec4bb84-6943-59bf-98e0-058d320567e8,fe1f87ba-b22b-51e9-a579-2156f00496b3,2,Y06,"KaushalSetu synthetic generator v2, seed 20260929",2026-09-28T12:00:00+05:30,"SYNTHETIC demo data (KaushalSetu SIH prototype): fictional entities, team-assumed numbers, not real or official statistics.",true
1ec4bb84-6943-59bf-98e0-058d320567e8,7e6124ac-bc49-5c38-a1d9-1ee974ba0c90,2,Y06,"KaushalSetu synthetic generator v2, seed 20260929",2026-09-28T12:00:00+05:30,"SYNTHETIC demo data (KaushalSetu SIH prototype): fictional entities, team-assumed numbers, not real or official statistics.",true
1ec4bb84-6943-59bf-98e0-058d320567e8,1410f386-d9ff-5480-898b-1c4f925f7b61,2,Y06,"KaushalSetu synthetic generator v2, seed 20260929",2026-09-28T12:00:00+05:30,"SYNTHETIC demo data (KaushalSetu SIH prototype): fictional entities, team-assumed numbers, not real or official statistics.",true
1ec4bb84-6943-59bf-98e0-058d320567e8,aceccee2-272c-51f4-9894-7cda2515bace,2,Y06,"KaushalSetu synthetic generator v2, seed 20260929",2026-09-28T12:00:00+05:30,"SYNTHETIC demo data (KaushalSetu SIH prototype): fictional entities, team-assumed numbers, not real or official statistics.",true
1ec4bb84-6943-59bf-98e0-058d320567e8,96e0656b-71f0-5ac1-b138-404f9c466e52,2,Y06,"KaushalSetu synthetic generator v2, seed 20260929",2026-09-28T12:00:00+05:30,"SYNTHETIC demo data (KaushalSetu SIH prototype): fictional entities, team-assumed numbers, not real or official statistics.",true
2e86d663-93ca-5ee2-9d3e-982d0451263d,a81a6b02-0664-5e71-b730-da8e67473011,3,Y06,"KaushalSetu synthetic generator v2, seed 20260929",2026-09-28T12:00:00+05:30,"SYNTHETIC demo data (KaushalSetu SIH prototype): fictional entities, team-assumed numbers, not real or official statistics.",true
2e86d663-93ca-5ee2-9d3e-982d0451263d,8ef0b61f-e058-55ff-b569-058bf9c2611a,2,Y06,"KaushalSetu synthetic generator v2, seed 20260929",2026-09-28T12:00:00+05:30,"SYNTHETIC demo data (KaushalSetu SIH prototype): fictional entities, team-assumed numbers, not real or official statistics.",true
2e86d663-93ca-5ee2-9d3e-982d0451263d,fe1f87ba-b22b-51e9-a579-2156f00496b3,2,Y06,"KaushalSetu synthetic generator v2, seed 20260929",2026-09-28T12:00:00+05:30,"SYNTHETIC demo data (KaushalSetu SIH prototype): fictional entities, team-assumed numbers, not real or official statistics.",true
2e86d663-93ca-5ee2-9d3e-982d0451263d,7e6124ac-bc49-5c38-a1d9-1ee974ba0c90,2,Y06,"KaushalSetu synthetic generator v2, seed 20260929",2026-09-28T12:00:00+05:30,"SYNTHETIC demo data (KaushalSetu SIH prototype): fictional entities, team-assumed numbers, not real or official statistics.",true
2e86d663-93ca-5ee2-9d3e-982d0451263d,1410f386-d9ff-5480-898b-1c4f925f7b61,2,Y06,"KaushalSetu synthetic generator v2, seed 20260929",2026-09-28T12:00:00+05:30,"SYNTHETIC demo data (KaushalSetu SIH prototype): fictional entities, team-assumed numbers, not real or official statistics.",true
2e86d663-93ca-5ee2-9d3e-982d0451263d,aceccee2-272c-51f4-9894-7cda2515bace,2,Y06,"KaushalSetu synthetic generator v2, seed 20260929",2026-09-28T12:00:00+05:30,"SYNTHETIC demo data (KaushalSetu SIH prototype): fictional entities, team-assumed numbers, not real or official statistics.",true
2e86d663-93ca-5ee2-9d3e-982d0451263d,96e0656b-71f0-5ac1-b138-404f9c466e52,2,Y06,"KaushalSetu synthetic generator v2, seed 20260929",2026-09-28T12:00:00+05:30,"SYNTHETIC demo data (KaushalSetu SIH prototype): fictional entities, team-assumed numbers, not real or official statistics.",true
7333c7bb-cc77-5237-aa78-c11f43608396,8ef0b61f-e058-55ff-b569-058bf9c2611a,3,Y06,"KaushalSetu synthetic generator v2, seed 20260929",2026-09-28T12:00:00+05:30,"SYNTHETIC demo data (KaushalSetu SIH prototype): fictional entities, team-assumed numbers, not real or official statistics.",true
7333c7bb-cc77-5237-aa78-c11f43608396,fe1f87ba-b22b-51e9-a579-2156f00496b3,2,Y06,"KaushalSetu synthetic generator v2, seed 20260929",2026-09-28T12:00:00+05:30,"SYNTHETIC demo data (KaushalSetu SIH prototype): fictional entities, team-assumed numbers, not real or official statistics.",true
7333c7bb-cc77-5237-aa78-c11f43608396,96e0656b-71f0-5ac1-b138-404f9c466e52,1,Y06,"KaushalSetu synthetic generator v2, seed 20260929",2026-09-28T12:00:00+05:30,"SYNTHETIC demo data (KaushalSetu SIH prototype): fictional entities, team-assumed numbers, not real or official statistics.",true
7333c7bb-cc77-5237-aa78-c11f43608396,7e6124ac-bc49-5c38-a1d9-1ee974ba0c90,1,Y06,"KaushalSetu synthetic generator v2, seed 20260929",2026-09-28T12:00:00+05:30,"SYNTHETIC demo data (KaushalSetu SIH prototype): fictional entities, team-assumed numbers, not real or official statistics.",true
7333c7bb-cc77-5237-aa78-c11f43608396,1410f386-d9ff-5480-898b-1c4f925f7b61,3,Y06,"KaushalSetu synthetic generator v2, seed 20260929",2026-09-28T12:00:00+05:30,"SYNTHETIC demo data (KaushalSetu SIH prototype): fictional entities, team-assumed numbers, not real or official statistics.",true
7333c7bb-cc77-5237-aa78-c11f43608396,aceccee2-272c-51f4-9894-7cda2515bace,1,Y06,"KaushalSetu synthetic generator v2, seed 20260929",2026-09-28T12:00:00+05:30,"SYNTHETIC demo data (KaushalSetu SIH prototype): fictional entities, team-assumed numbers, not real or official statistics.",true
7333c7bb-cc77-5237-aa78-c11f43608396,dd8d79cf-0adb-5b51-bc22-17e07695f258,2,Y06,"KaushalSetu synthetic generator v2, seed 20260929",2026-09-28T12:00:00+05:30,"SYNTHETIC demo data (KaushalSetu SIH prototype): fictional entities, team-assumed numbers, not real or official statistics.",true
7333c7bb-cc77-5237-aa78-c11f43608396,3a7a7093-1c3d-5e15-94d0-dcbac3794d85,3,Y06,"KaushalSetu synthetic generator v2, seed 20260929",2026-09-28T12:00:00+05:30,"SYNTHETIC demo data (KaushalSetu SIH prototype): fictional entities, team-assumed numbers, not real or official statistics.",true
3f0af495-6933-5981-a735-018cf930270c,8ef0b61f-e058-55ff-b569-058bf9c2611a,3,Y06,"KaushalSetu synthetic generator v2, seed 20260929",2026-09-28T12:00:00+05:30,"SYNTHETIC demo data (KaushalSetu SIH prototype): fictional entities, team-assumed numbers, not real or official statistics.",true
3f0af495-6933-5981-a735-018cf930270c,fe1f87ba-b22b-51e9-a579-2156f00496b3,2,Y06,"KaushalSetu synthetic generator v2, seed 20260929",2026-09-28T12:00:00+05:30,"SYNTHETIC demo data (KaushalSetu SIH prototype): fictional entities, team-assumed numbers, not real or official statistics.",true
3f0af495-6933-5981-a735-018cf930270c,96e0656b-71f0-5ac1-b138-404f9c466e52,1,Y06,"KaushalSetu synthetic generator v2, seed 20260929",2026-09-28T12:00:00+05:30,"SYNTHETIC demo data (KaushalSetu SIH prototype): fictional entities, team-assumed numbers, not real or official statistics.",true
3f0af495-6933-5981-a735-018cf930270c,7e6124ac-bc49-5c38-a1d9-1ee974ba0c90,1,Y06,"KaushalSetu synthetic generator v2, seed 20260929",2026-09-28T12:00:00+05:30,"SYNTHETIC demo data (KaushalSetu SIH prototype): fictional entities, team-assumed numbers, not real or official statistics.",true
3f0af495-6933-5981-a735-018cf930270c,1410f386-d9ff-5480-898b-1c4f925f7b61,3,Y06,"KaushalSetu synthetic generator v2, seed 20260929",2026-09-28T12:00:00+05:30,"SYNTHETIC demo data (KaushalSetu SIH prototype): fictional entities, team-assumed numbers, not real or official statistics.",true
3f0af495-6933-5981-a735-018cf930270c,aceccee2-272c-51f4-9894-7cda2515bace,1,Y06,"KaushalSetu synthetic generator v2, seed 20260929",2026-09-28T12:00:00+05:30,"SYNTHETIC demo data (KaushalSetu SIH prototype): fictional entities, team-assumed numbers, not real or official statistics.",true
3f0af495-6933-5981-a735-018cf930270c,dd8d79cf-0adb-5b51-bc22-17e07695f258,2,Y06,"KaushalSetu synthetic generator v2, seed 20260929",2026-09-28T12:00:00+05:30,"SYNTHETIC demo data (KaushalSetu SIH prototype): fictional entities, team-assumed numbers, not real or official statistics.",true
3f0af495-6933-5981-a735-018cf930270c,3a7a7093-1c3d-5e15-94d0-dcbac3794d85,3,Y06,"KaushalSetu synthetic generator v2, seed 20260929",2026-09-28T12:00:00+05:30,"SYNTHETIC demo data (KaushalSetu SIH prototype): fictional entities, team-assumed numbers, not real or official statistics.",true
32aa6b39-f6ee-5952-9aa5-ab8cfad2c857,57a4805a-91b2-5fc9-8633-cab452170c5a,2,Y06,"KaushalSetu synthetic generator v2, seed 20260929",2026-09-28T12:00:00+05:30,"SYNTHETIC demo data (KaushalSetu SIH prototype): fictional entities, team-assumed numbers, not real or official statistics.",true
32aa6b39-f6ee-5952-9aa5-ab8cfad2c857,2a20981d-4161-5d60-a95d-5152cbed8f9c,3,Y06,"KaushalSetu synthetic generator v2, seed 20260929",2026-09-28T12:00:00+05:30,"SYNTHETIC demo data (KaushalSetu SIH prototype): fictional entities, team-assumed numbers, not real or official statistics.",true
32aa6b39-f6ee-5952-9aa5-ab8cfad2c857,91acb70e-5f82-5058-a31e-34af08f6695f,2,Y06,"KaushalSetu synthetic generator v2, seed 20260929",2026-09-28T12:00:00+05:30,"SYNTHETIC demo data (KaushalSetu SIH prototype): fictional entities, team-assumed numbers, not real or official statistics.",true
32aa6b39-f6ee-5952-9aa5-ab8cfad2c857,650f9a63-4d9b-568e-b619-5e9b28f26f84,2,Y06,"KaushalSetu synthetic generator v2, seed 20260929",2026-09-28T12:00:00+05:30,"SYNTHETIC demo data (KaushalSetu SIH prototype): fictional entities, team-assumed numbers, not real or official statistics.",true
32aa6b39-f6ee-5952-9aa5-ab8cfad2c857,96e0656b-71f0-5ac1-b138-404f9c466e52,2,Y06,"KaushalSetu synthetic generator v2, seed 20260929",2026-09-28T12:00:00+05:30,"SYNTHETIC demo data (KaushalSetu SIH prototype): fictional entities, team-assumed numbers, not real or official statistics.",true
32aa6b39-f6ee-5952-9aa5-ab8cfad2c857,1410f386-d9ff-5480-898b-1c4f925f7b61,2,Y06,"KaushalSetu synthetic generator v2, seed 20260929",2026-09-28T12:00:00+05:30,"SYNTHETIC demo data (KaushalSetu SIH prototype): fictional entities, team-assumed numbers, not real or official statistics.",true
fe69b6b7-f283-5f17-85c4-ba8f71572875,57a4805a-91b2-5fc9-8633-cab452170c5a,2,Y06,"KaushalSetu synthetic generator v2, seed 20260929",2026-09-28T12:00:00+05:30,"SYNTHETIC demo data (KaushalSetu SIH prototype): fictional entities, team-assumed numbers, not real or official statistics.",true
fe69b6b7-f283-5f17-85c4-ba8f71572875,2a20981d-4161-5d60-a95d-5152cbed8f9c,3,Y06,"KaushalSetu synthetic generator v2, seed 20260929",2026-09-28T12:00:00+05:30,"SYNTHETIC demo data (KaushalSetu SIH prototype): fictional entities, team-assumed numbers, not real or official statistics.",true
fe69b6b7-f283-5f17-85c4-ba8f71572875,91acb70e-5f82-5058-a31e-34af08f6695f,2,Y06,"KaushalSetu synthetic generator v2, seed 20260929",2026-09-28T12:00:00+05:30,"SYNTHETIC demo data (KaushalSetu SIH prototype): fictional entities, team-assumed numbers, not real or official statistics.",true
fe69b6b7-f283-5f17-85c4-ba8f71572875,650f9a63-4d9b-568e-b619-5e9b28f26f84,2,Y06,"KaushalSetu synthetic generator v2, seed 20260929",2026-09-28T12:00:00+05:30,"SYNTHETIC demo data (KaushalSetu SIH prototype): fictional entities, team-assumed numbers, not real or official statistics.",true
fe69b6b7-f283-5f17-85c4-ba8f71572875,96e0656b-71f0-5ac1-b138-404f9c466e52,2,Y06,"KaushalSetu synthetic generator v2, seed 20260929",2026-09-28T12:00:00+05:30,"SYNTHETIC demo data (KaushalSetu SIH prototype): fictional entities, team-assumed numbers, not real or official statistics.",true
fe69b6b7-f283-5f17-85c4-ba8f71572875,1410f386-d9ff-5480-898b-1c4f925f7b61,2,Y06,"KaushalSetu synthetic generator v2, seed 20260929",2026-09-28T12:00:00+05:30,"SYNTHETIC demo data (KaushalSetu SIH prototype): fictional entities, team-assumed numbers, not real or official statistics.",true
fd0a5300-3648-5562-8752-05ff4e73c8e8,8ef0b61f-e058-55ff-b569-058bf9c2611a,3,Y06,"KaushalSetu synthetic generator v2, seed 20260929",2026-09-28T12:00:00+05:30,"SYNTHETIC demo data (KaushalSetu SIH prototype): fictional entities, team-assumed numbers, not real or official statistics.",true
fd0a5300-3648-5562-8752-05ff4e73c8e8,fe1f87ba-b22b-51e9-a579-2156f00496b3,2,Y06,"KaushalSetu synthetic generator v2, seed 20260929",2026-09-28T12:00:00+05:30,"SYNTHETIC demo data (KaushalSetu SIH prototype): fictional entities, team-assumed numbers, not real or official statistics.",true
fd0a5300-3648-5562-8752-05ff4e73c8e8,96e0656b-71f0-5ac1-b138-404f9c466e52,1,Y06,"KaushalSetu synthetic generator v2, seed 20260929",2026-09-28T12:00:00+05:30,"SYNTHETIC demo data (KaushalSetu SIH prototype): fictional entities, team-assumed numbers, not real or official statistics.",true
fd0a5300-3648-5562-8752-05ff4e73c8e8,7e6124ac-bc49-5c38-a1d9-1ee974ba0c90,1,Y06,"KaushalSetu synthetic generator v2, seed 20260929",2026-09-28T12:00:00+05:30,"SYNTHETIC demo data (KaushalSetu SIH prototype): fictional entities, team-assumed numbers, not real or official statistics.",true
fd0a5300-3648-5562-8752-05ff4e73c8e8,1410f386-d9ff-5480-898b-1c4f925f7b61,3,Y06,"KaushalSetu synthetic generator v2, seed 20260929",2026-09-28T12:00:00+05:30,"SYNTHETIC demo data (KaushalSetu SIH prototype): fictional entities, team-assumed numbers, not real or official statistics.",true
fd0a5300-3648-5562-8752-05ff4e73c8e8,aceccee2-272c-51f4-9894-7cda2515bace,1,Y06,"KaushalSetu synthetic generator v2, seed 20260929",2026-09-28T12:00:00+05:30,"SYNTHETIC demo data (KaushalSetu SIH prototype): fictional entities, team-assumed numbers, not real or official statistics.",true
fd0a5300-3648-5562-8752-05ff4e73c8e8,dd8d79cf-0adb-5b51-bc22-17e07695f258,2,Y06,"KaushalSetu synthetic generator v2, seed 20260929",2026-09-28T12:00:00+05:30,"SYNTHETIC demo data (KaushalSetu SIH prototype): fictional entities, team-assumed numbers, not real or official statistics.",true
fd0a5300-3648-5562-8752-05ff4e73c8e8,3a7a7093-1c3d-5e15-94d0-dcbac3794d85,3,Y06,"KaushalSetu synthetic generator v2, seed 20260929",2026-09-28T12:00:00+05:30,"SYNTHETIC demo data (KaushalSetu SIH prototype): fictional entities, team-assumed numbers, not real or official statistics.",true
328e70e8-f9ed-55ed-b594-6d0cb2170e04,8ef0b61f-e058-55ff-b569-058bf9c2611a,3,Y06,"KaushalSetu synthetic generator v2, seed 20260929",2026-09-28T12:00:00+05:30,"SYNTHETIC demo data (KaushalSetu SIH prototype): fictional entities, team-assumed numbers, not real or official statistics.",true
328e70e8-f9ed-55ed-b594-6d0cb2170e04,fe1f87ba-b22b-51e9-a579-2156f00496b3,2,Y06,"KaushalSetu synthetic generator v2, seed 20260929",2026-09-28T12:00:00+05:30,"SYNTHETIC demo data (KaushalSetu SIH prototype): fictional entities, team-assumed numbers, not real or official statistics.",true
328e70e8-f9ed-55ed-b594-6d0cb2170e04,96e0656b-71f0-5ac1-b138-404f9c466e52,1,Y06,"KaushalSetu synthetic generator v2, seed 20260929",2026-09-28T12:00:00+05:30,"SYNTHETIC demo data (KaushalSetu SIH prototype): fictional entities, team-assumed numbers, not real or official statistics.",true
328e70e8-f9ed-55ed-b594-6d0cb2170e04,7e6124ac-bc49-5c38-a1d9-1ee974ba0c90,1,Y06,"KaushalSetu synthetic generator v2, seed 20260929",2026-09-28T12:00:00+05:30,"SYNTHETIC demo data (KaushalSetu SIH prototype): fictional entities, team-assumed numbers, not real or official statistics.",true
328e70e8-f9ed-55ed-b594-6d0cb2170e04,1410f386-d9ff-5480-898b-1c4f925f7b61,3,Y06,"KaushalSetu synthetic generator v2, seed 20260929",2026-09-28T12:00:00+05:30,"SYNTHETIC demo data (KaushalSetu SIH prototype): fictional entities, team-assumed numbers, not real or official statistics.",true
328e70e8-f9ed-55ed-b594-6d0cb2170e04,aceccee2-272c-51f4-9894-7cda2515bace,1,Y06,"KaushalSetu synthetic generator v2, seed 20260929",2026-09-28T12:00:00+05:30,"SYNTHETIC demo data (KaushalSetu SIH prototype): fictional entities, team-assumed numbers, not real or official statistics.",true
328e70e8-f9ed-55ed-b594-6d0cb2170e04,dd8d79cf-0adb-5b51-bc22-17e07695f258,2,Y06,"KaushalSetu synthetic generator v2, seed 20260929",2026-09-28T12:00:00+05:30,"SYNTHETIC demo data (KaushalSetu SIH prototype): fictional entities, team-assumed numbers, not real or official statistics.",true
328e70e8-f9ed-55ed-b594-6d0cb2170e04,3a7a7093-1c3d-5e15-94d0-dcbac3794d85,3,Y06,"KaushalSetu synthetic generator v2, seed 20260929",2026-09-28T12:00:00+05:30,"SYNTHETIC demo data (KaushalSetu SIH prototype): fictional entities, team-assumed numbers, not real or official statistics.",true
04595f89-5247-53ca-85e9-fd23091f7f22,8ef0b61f-e058-55ff-b569-058bf9c2611a,2,Y06,"KaushalSetu synthetic generator v2, seed 20260929",2026-09-28T12:00:00+05:30,"SYNTHETIC demo data (KaushalSetu SIH prototype): fictional entities, team-assumed numbers, not real or official statistics.",true
04595f89-5247-53ca-85e9-fd23091f7f22,fe1f87ba-b22b-51e9-a579-2156f00496b3,2,Y06,"KaushalSetu synthetic generator v2, seed 20260929",2026-09-28T12:00:00+05:30,"SYNTHETIC demo data (KaushalSetu SIH prototype): fictional entities, team-assumed numbers, not real or official statistics.",true
04595f89-5247-53ca-85e9-fd23091f7f22,7e6124ac-bc49-5c38-a1d9-1ee974ba0c90,2,Y06,"KaushalSetu synthetic generator v2, seed 20260929",2026-09-28T12:00:00+05:30,"SYNTHETIC demo data (KaushalSetu SIH prototype): fictional entities, team-assumed numbers, not real or official statistics.",true
04595f89-5247-53ca-85e9-fd23091f7f22,1410f386-d9ff-5480-898b-1c4f925f7b61,2,Y06,"KaushalSetu synthetic generator v2, seed 20260929",2026-09-28T12:00:00+05:30,"SYNTHETIC demo data (KaushalSetu SIH prototype): fictional entities, team-assumed numbers, not real or official statistics.",true
6e4b6646-0222-511c-beed-df2e50f92561,8ef0b61f-e058-55ff-b569-058bf9c2611a,2,Y06,"KaushalSetu synthetic generator v2, seed 20260929",2026-09-28T12:00:00+05:30,"SYNTHETIC demo data (KaushalSetu SIH prototype): fictional entities, team-assumed numbers, not real or official statistics.",true
6e4b6646-0222-511c-beed-df2e50f92561,fe1f87ba-b22b-51e9-a579-2156f00496b3,2,Y06,"KaushalSetu synthetic generator v2, seed 20260929",2026-09-28T12:00:00+05:30,"SYNTHETIC demo data (KaushalSetu SIH prototype): fictional entities, team-assumed numbers, not real or official statistics.",true
6e4b6646-0222-511c-beed-df2e50f92561,7e6124ac-bc49-5c38-a1d9-1ee974ba0c90,2,Y06,"KaushalSetu synthetic generator v2, seed 20260929",2026-09-28T12:00:00+05:30,"SYNTHETIC demo data (KaushalSetu SIH prototype): fictional entities, team-assumed numbers, not real or official statistics.",true
6e4b6646-0222-511c-beed-df2e50f92561,1410f386-d9ff-5480-898b-1c4f925f7b61,2,Y06,"KaushalSetu synthetic generator v2, seed 20260929",2026-09-28T12:00:00+05:30,"SYNTHETIC demo data (KaushalSetu SIH prototype): fictional entities, team-assumed numbers, not real or official statistics.",true
10e517e9-1e25-5d5b-8563-d1d6eae1d982,57a4805a-91b2-5fc9-8633-cab452170c5a,2,Y06,"KaushalSetu synthetic generator v2, seed 20260929",2026-09-28T12:00:00+05:30,"SYNTHETIC demo data (KaushalSetu SIH prototype): fictional entities, team-assumed numbers, not real or official statistics.",true
10e517e9-1e25-5d5b-8563-d1d6eae1d982,2a20981d-4161-5d60-a95d-5152cbed8f9c,3,Y06,"KaushalSetu synthetic generator v2, seed 20260929",2026-09-28T12:00:00+05:30,"SYNTHETIC demo data (KaushalSetu SIH prototype): fictional entities, team-assumed numbers, not real or official statistics.",true
10e517e9-1e25-5d5b-8563-d1d6eae1d982,91acb70e-5f82-5058-a31e-34af08f6695f,2,Y06,"KaushalSetu synthetic generator v2, seed 20260929",2026-09-28T12:00:00+05:30,"SYNTHETIC demo data (KaushalSetu SIH prototype): fictional entities, team-assumed numbers, not real or official statistics.",true
10e517e9-1e25-5d5b-8563-d1d6eae1d982,650f9a63-4d9b-568e-b619-5e9b28f26f84,2,Y06,"KaushalSetu synthetic generator v2, seed 20260929",2026-09-28T12:00:00+05:30,"SYNTHETIC demo data (KaushalSetu SIH prototype): fictional entities, team-assumed numbers, not real or official statistics.",true
10e517e9-1e25-5d5b-8563-d1d6eae1d982,96e0656b-71f0-5ac1-b138-404f9c466e52,2,Y06,"KaushalSetu synthetic generator v2, seed 20260929",2026-09-28T12:00:00+05:30,"SYNTHETIC demo data (KaushalSetu SIH prototype): fictional entities, team-assumed numbers, not real or official statistics.",true
10e517e9-1e25-5d5b-8563-d1d6eae1d982,1410f386-d9ff-5480-898b-1c4f925f7b61,2,Y06,"KaushalSetu synthetic generator v2, seed 20260929",2026-09-28T12:00:00+05:30,"SYNTHETIC demo data (KaushalSetu SIH prototype): fictional entities, team-assumed numbers, not real or official statistics.",true
43292c3e-436b-5ead-9fb5-1318179473e9,57a4805a-91b2-5fc9-8633-cab452170c5a,2,Y06,"KaushalSetu synthetic generator v2, seed 20260929",2026-09-28T12:00:00+05:30,"SYNTHETIC demo data (KaushalSetu SIH prototype): fictional entities, team-assumed numbers, not real or official statistics.",true
43292c3e-436b-5ead-9fb5-1318179473e9,2a20981d-4161-5d60-a95d-5152cbed8f9c,3,Y06,"KaushalSetu synthetic generator v2, seed 20260929",2026-09-28T12:00:00+05:30,"SYNTHETIC demo data (KaushalSetu SIH prototype): fictional entities, team-assumed numbers, not real or official statistics.",true
43292c3e-436b-5ead-9fb5-1318179473e9,91acb70e-5f82-5058-a31e-34af08f6695f,2,Y06,"KaushalSetu synthetic generator v2, seed 20260929",2026-09-28T12:00:00+05:30,"SYNTHETIC demo data (KaushalSetu SIH prototype): fictional entities, team-assumed numbers, not real or official statistics.",true
43292c3e-436b-5ead-9fb5-1318179473e9,650f9a63-4d9b-568e-b619-5e9b28f26f84,2,Y06,"KaushalSetu synthetic generator v2, seed 20260929",2026-09-28T12:00:00+05:30,"SYNTHETIC demo data (KaushalSetu SIH prototype): fictional entities, team-assumed numbers, not real or official statistics.",true
43292c3e-436b-5ead-9fb5-1318179473e9,96e0656b-71f0-5ac1-b138-404f9c466e52,2,Y06,"KaushalSetu synthetic generator v2, seed 20260929",2026-09-28T12:00:00+05:30,"SYNTHETIC demo data (KaushalSetu SIH prototype): fictional entities, team-assumed numbers, not real or official statistics.",true
43292c3e-436b-5ead-9fb5-1318179473e9,1410f386-d9ff-5480-898b-1c4f925f7b61,2,Y06,"KaushalSetu synthetic generator v2, seed 20260929",2026-09-28T12:00:00+05:30,"SYNTHETIC demo data (KaushalSetu SIH prototype): fictional entities, team-assumed numbers, not real or official statistics.",true
72760ecb-1a0a-5124-b657-df79955adc9a,a81a6b02-0664-5e71-b730-da8e67473011,3,Y06,"KaushalSetu synthetic generator v2, seed 20260929",2026-09-28T12:00:00+05:30,"SYNTHETIC demo data (KaushalSetu SIH prototype): fictional entities, team-assumed numbers, not real or official statistics.",true
72760ecb-1a0a-5124-b657-df79955adc9a,8ef0b61f-e058-55ff-b569-058bf9c2611a,2,Y06,"KaushalSetu synthetic generator v2, seed 20260929",2026-09-28T12:00:00+05:30,"SYNTHETIC demo data (KaushalSetu SIH prototype): fictional entities, team-assumed numbers, not real or official statistics.",true
72760ecb-1a0a-5124-b657-df79955adc9a,fe1f87ba-b22b-51e9-a579-2156f00496b3,2,Y06,"KaushalSetu synthetic generator v2, seed 20260929",2026-09-28T12:00:00+05:30,"SYNTHETIC demo data (KaushalSetu SIH prototype): fictional entities, team-assumed numbers, not real or official statistics.",true
72760ecb-1a0a-5124-b657-df79955adc9a,7e6124ac-bc49-5c38-a1d9-1ee974ba0c90,2,Y06,"KaushalSetu synthetic generator v2, seed 20260929",2026-09-28T12:00:00+05:30,"SYNTHETIC demo data (KaushalSetu SIH prototype): fictional entities, team-assumed numbers, not real or official statistics.",true
72760ecb-1a0a-5124-b657-df79955adc9a,1410f386-d9ff-5480-898b-1c4f925f7b61,2,Y06,"KaushalSetu synthetic generator v2, seed 20260929",2026-09-28T12:00:00+05:30,"SYNTHETIC demo data (KaushalSetu SIH prototype): fictional entities, team-assumed numbers, not real or official statistics.",true
72760ecb-1a0a-5124-b657-df79955adc9a,aceccee2-272c-51f4-9894-7cda2515bace,2,Y06,"KaushalSetu synthetic generator v2, seed 20260929",2026-09-28T12:00:00+05:30,"SYNTHETIC demo data (KaushalSetu SIH prototype): fictional entities, team-assumed numbers, not real or official statistics.",true
72760ecb-1a0a-5124-b657-df79955adc9a,96e0656b-71f0-5ac1-b138-404f9c466e52,2,Y06,"KaushalSetu synthetic generator v2, seed 20260929",2026-09-28T12:00:00+05:30,"SYNTHETIC demo data (KaushalSetu SIH prototype): fictional entities, team-assumed numbers, not real or official statistics.",true
fb70693a-33ef-52f7-b0bd-448f304f4fb3,a81a6b02-0664-5e71-b730-da8e67473011,3,Y06,"KaushalSetu synthetic generator v2, seed 20260929",2026-09-28T12:00:00+05:30,"SYNTHETIC demo data (KaushalSetu SIH prototype): fictional entities, team-assumed numbers, not real or official statistics.",true
fb70693a-33ef-52f7-b0bd-448f304f4fb3,8ef0b61f-e058-55ff-b569-058bf9c2611a,2,Y06,"KaushalSetu synthetic generator v2, seed 20260929",2026-09-28T12:00:00+05:30,"SYNTHETIC demo data (KaushalSetu SIH prototype): fictional entities, team-assumed numbers, not real or official statistics.",true
fb70693a-33ef-52f7-b0bd-448f304f4fb3,fe1f87ba-b22b-51e9-a579-2156f00496b3,2,Y06,"KaushalSetu synthetic generator v2, seed 20260929",2026-09-28T12:00:00+05:30,"SYNTHETIC demo data (KaushalSetu SIH prototype): fictional entities, team-assumed numbers, not real or official statistics.",true
fb70693a-33ef-52f7-b0bd-448f304f4fb3,7e6124ac-bc49-5c38-a1d9-1ee974ba0c90,2,Y06,"KaushalSetu synthetic generator v2, seed 20260929",2026-09-28T12:00:00+05:30,"SYNTHETIC demo data (KaushalSetu SIH prototype): fictional entities, team-assumed numbers, not real or official statistics.",true
fb70693a-33ef-52f7-b0bd-448f304f4fb3,1410f386-d9ff-5480-898b-1c4f925f7b61,2,Y06,"KaushalSetu synthetic generator v2, seed 20260929",2026-09-28T12:00:00+05:30,"SYNTHETIC demo data (KaushalSetu SIH prototype): fictional entities, team-assumed numbers, not real or official statistics.",true
fb70693a-33ef-52f7-b0bd-448f304f4fb3,aceccee2-272c-51f4-9894-7cda2515bace,2,Y06,"KaushalSetu synthetic generator v2, seed 20260929",2026-09-28T12:00:00+05:30,"SYNTHETIC demo data (KaushalSetu SIH prototype): fictional entities, team-assumed numbers, not real or official statistics.",true
fb70693a-33ef-52f7-b0bd-448f304f4fb3,96e0656b-71f0-5ac1-b138-404f9c466e52,2,Y06,"KaushalSetu synthetic generator v2, seed 20260929",2026-09-28T12:00:00+05:30,"SYNTHETIC demo data (KaushalSetu SIH prototype): fictional entities, team-assumed numbers, not real or official statistics.",true
83c26f0e-63ae-5e2f-9b11-805270cf8b06,8ef0b61f-e058-55ff-b569-058bf9c2611a,2,Y06,"KaushalSetu synthetic generator v2, seed 20260929",2026-09-28T12:00:00+05:30,"SYNTHETIC demo data (KaushalSetu SIH prototype): fictional entities, team-assumed numbers, not real or official statistics.",true
83c26f0e-63ae-5e2f-9b11-805270cf8b06,fe1f87ba-b22b-51e9-a579-2156f00496b3,2,Y06,"KaushalSetu synthetic generator v2, seed 20260929",2026-09-28T12:00:00+05:30,"SYNTHETIC demo data (KaushalSetu SIH prototype): fictional entities, team-assumed numbers, not real or official statistics.",true
83c26f0e-63ae-5e2f-9b11-805270cf8b06,7e6124ac-bc49-5c38-a1d9-1ee974ba0c90,2,Y06,"KaushalSetu synthetic generator v2, seed 20260929",2026-09-28T12:00:00+05:30,"SYNTHETIC demo data (KaushalSetu SIH prototype): fictional entities, team-assumed numbers, not real or official statistics.",true
83c26f0e-63ae-5e2f-9b11-805270cf8b06,1410f386-d9ff-5480-898b-1c4f925f7b61,2,Y06,"KaushalSetu synthetic generator v2, seed 20260929",2026-09-28T12:00:00+05:30,"SYNTHETIC demo data (KaushalSetu SIH prototype): fictional entities, team-assumed numbers, not real or official statistics.",true
a0ecfae5-f63b-5157-9f83-192cc2c57018,8ef0b61f-e058-55ff-b569-058bf9c2611a,2,Y06,"KaushalSetu synthetic generator v2, seed 20260929",2026-09-28T12:00:00+05:30,"SYNTHETIC demo data (KaushalSetu SIH prototype): fictional entities, team-assumed numbers, not real or official statistics.",true
a0ecfae5-f63b-5157-9f83-192cc2c57018,fe1f87ba-b22b-51e9-a579-2156f00496b3,2,Y06,"KaushalSetu synthetic generator v2, seed 20260929",2026-09-28T12:00:00+05:30,"SYNTHETIC demo data (KaushalSetu SIH prototype): fictional entities, team-assumed numbers, not real or official statistics.",true
a0ecfae5-f63b-5157-9f83-192cc2c57018,7e6124ac-bc49-5c38-a1d9-1ee974ba0c90,2,Y06,"KaushalSetu synthetic generator v2, seed 20260929",2026-09-28T12:00:00+05:30,"SYNTHETIC demo data (KaushalSetu SIH prototype): fictional entities, team-assumed numbers, not real or official statistics.",true
a0ecfae5-f63b-5157-9f83-192cc2c57018,1410f386-d9ff-5480-898b-1c4f925f7b61,2,Y06,"KaushalSetu synthetic generator v2, seed 20260929",2026-09-28T12:00:00+05:30,"SYNTHETIC demo data (KaushalSetu SIH prototype): fictional entities, team-assumed numbers, not real or official statistics.",true
3ee3774f-be73-53ed-b57b-c70b6f8491ec,8ef0b61f-e058-55ff-b569-058bf9c2611a,3,Y06,"KaushalSetu synthetic generator v2, seed 20260929",2026-09-28T12:00:00+05:30,"SYNTHETIC demo data (KaushalSetu SIH prototype): fictional entities, team-assumed numbers, not real or official statistics.",true
3ee3774f-be73-53ed-b57b-c70b6f8491ec,fe1f87ba-b22b-51e9-a579-2156f00496b3,2,Y06,"KaushalSetu synthetic generator v2, seed 20260929",2026-09-28T12:00:00+05:30,"SYNTHETIC demo data (KaushalSetu SIH prototype): fictional entities, team-assumed numbers, not real or official statistics.",true
3ee3774f-be73-53ed-b57b-c70b6f8491ec,96e0656b-71f0-5ac1-b138-404f9c466e52,1,Y06,"KaushalSetu synthetic generator v2, seed 20260929",2026-09-28T12:00:00+05:30,"SYNTHETIC demo data (KaushalSetu SIH prototype): fictional entities, team-assumed numbers, not real or official statistics.",true
3ee3774f-be73-53ed-b57b-c70b6f8491ec,7e6124ac-bc49-5c38-a1d9-1ee974ba0c90,1,Y06,"KaushalSetu synthetic generator v2, seed 20260929",2026-09-28T12:00:00+05:30,"SYNTHETIC demo data (KaushalSetu SIH prototype): fictional entities, team-assumed numbers, not real or official statistics.",true
3ee3774f-be73-53ed-b57b-c70b6f8491ec,1410f386-d9ff-5480-898b-1c4f925f7b61,3,Y06,"KaushalSetu synthetic generator v2, seed 20260929",2026-09-28T12:00:00+05:30,"SYNTHETIC demo data (KaushalSetu SIH prototype): fictional entities, team-assumed numbers, not real or official statistics.",true
3ee3774f-be73-53ed-b57b-c70b6f8491ec,aceccee2-272c-51f4-9894-7cda2515bace,1,Y06,"KaushalSetu synthetic generator v2, seed 20260929",2026-09-28T12:00:00+05:30,"SYNTHETIC demo data (KaushalSetu SIH prototype): fictional entities, team-assumed numbers, not real or official statistics.",true
3ee3774f-be73-53ed-b57b-c70b6f8491ec,dd8d79cf-0adb-5b51-bc22-17e07695f258,2,Y06,"KaushalSetu synthetic generator v2, seed 20260929",2026-09-28T12:00:00+05:30,"SYNTHETIC demo data (KaushalSetu SIH prototype): fictional entities, team-assumed numbers, not real or official statistics.",true
3ee3774f-be73-53ed-b57b-c70b6f8491ec,3a7a7093-1c3d-5e15-94d0-dcbac3794d85,3,Y06,"KaushalSetu synthetic generator v2, seed 20260929",2026-09-28T12:00:00+05:30,"SYNTHETIC demo data (KaushalSetu SIH prototype): fictional entities, team-assumed numbers, not real or official statistics.",true
5f1859fb-708d-55bb-bf77-ec4bc4b6eb1d,8ef0b61f-e058-55ff-b569-058bf9c2611a,3,Y06,"KaushalSetu synthetic generator v2, seed 20260929",2026-09-28T12:00:00+05:30,"SYNTHETIC demo data (KaushalSetu SIH prototype): fictional entities, team-assumed numbers, not real or official statistics.",true
5f1859fb-708d-55bb-bf77-ec4bc4b6eb1d,fe1f87ba-b22b-51e9-a579-2156f00496b3,2,Y06,"KaushalSetu synthetic generator v2, seed 20260929",2026-09-28T12:00:00+05:30,"SYNTHETIC demo data (KaushalSetu SIH prototype): fictional entities, team-assumed numbers, not real or official statistics.",true
5f1859fb-708d-55bb-bf77-ec4bc4b6eb1d,96e0656b-71f0-5ac1-b138-404f9c466e52,1,Y06,"KaushalSetu synthetic generator v2, seed 20260929",2026-09-28T12:00:00+05:30,"SYNTHETIC demo data (KaushalSetu SIH prototype): fictional entities, team-assumed numbers, not real or official statistics.",true
5f1859fb-708d-55bb-bf77-ec4bc4b6eb1d,7e6124ac-bc49-5c38-a1d9-1ee974ba0c90,1,Y06,"KaushalSetu synthetic generator v2, seed 20260929",2026-09-28T12:00:00+05:30,"SYNTHETIC demo data (KaushalSetu SIH prototype): fictional entities, team-assumed numbers, not real or official statistics.",true
5f1859fb-708d-55bb-bf77-ec4bc4b6eb1d,1410f386-d9ff-5480-898b-1c4f925f7b61,3,Y06,"KaushalSetu synthetic generator v2, seed 20260929",2026-09-28T12:00:00+05:30,"SYNTHETIC demo data (KaushalSetu SIH prototype): fictional entities, team-assumed numbers, not real or official statistics.",true
5f1859fb-708d-55bb-bf77-ec4bc4b6eb1d,aceccee2-272c-51f4-9894-7cda2515bace,1,Y06,"KaushalSetu synthetic generator v2, seed 20260929",2026-09-28T12:00:00+05:30,"SYNTHETIC demo data (KaushalSetu SIH prototype): fictional entities, team-assumed numbers, not real or official statistics.",true
5f1859fb-708d-55bb-bf77-ec4bc4b6eb1d,dd8d79cf-0adb-5b51-bc22-17e07695f258,2,Y06,"KaushalSetu synthetic generator v2, seed 20260929",2026-09-28T12:00:00+05:30,"SYNTHETIC demo data (KaushalSetu SIH prototype): fictional entities, team-assumed numbers, not real or official statistics.",true
5f1859fb-708d-55bb-bf77-ec4bc4b6eb1d,3a7a7093-1c3d-5e15-94d0-dcbac3794d85,3,Y06,"KaushalSetu synthetic generator v2, seed 20260929",2026-09-28T12:00:00+05:30,"SYNTHETIC demo data (KaushalSetu SIH prototype): fictional entities, team-assumed numbers, not real or official statistics.",true
1ced1c98-81d6-517c-bdaa-653109b5501f,8ef0b61f-e058-55ff-b569-058bf9c2611a,2,Y06,"KaushalSetu synthetic generator v2, seed 20260929",2026-09-28T12:00:00+05:30,"SYNTHETIC demo data (KaushalSetu SIH prototype): fictional entities, team-assumed numbers, not real or official statistics.",true
1ced1c98-81d6-517c-bdaa-653109b5501f,fe1f87ba-b22b-51e9-a579-2156f00496b3,2,Y06,"KaushalSetu synthetic generator v2, seed 20260929",2026-09-28T12:00:00+05:30,"SYNTHETIC demo data (KaushalSetu SIH prototype): fictional entities, team-assumed numbers, not real or official statistics.",true
1ced1c98-81d6-517c-bdaa-653109b5501f,7e6124ac-bc49-5c38-a1d9-1ee974ba0c90,2,Y06,"KaushalSetu synthetic generator v2, seed 20260929",2026-09-28T12:00:00+05:30,"SYNTHETIC demo data (KaushalSetu SIH prototype): fictional entities, team-assumed numbers, not real or official statistics.",true
1ced1c98-81d6-517c-bdaa-653109b5501f,1410f386-d9ff-5480-898b-1c4f925f7b61,2,Y06,"KaushalSetu synthetic generator v2, seed 20260929",2026-09-28T12:00:00+05:30,"SYNTHETIC demo data (KaushalSetu SIH prototype): fictional entities, team-assumed numbers, not real or official statistics.",true
8ac33648-595d-52f6-8eb9-5fce5f018154,8ef0b61f-e058-55ff-b569-058bf9c2611a,2,Y06,"KaushalSetu synthetic generator v2, seed 20260929",2026-09-28T12:00:00+05:30,"SYNTHETIC demo data (KaushalSetu SIH prototype): fictional entities, team-assumed numbers, not real or official statistics.",true
8ac33648-595d-52f6-8eb9-5fce5f018154,fe1f87ba-b22b-51e9-a579-2156f00496b3,2,Y06,"KaushalSetu synthetic generator v2, seed 20260929",2026-09-28T12:00:00+05:30,"SYNTHETIC demo data (KaushalSetu SIH prototype): fictional entities, team-assumed numbers, not real or official statistics.",true
8ac33648-595d-52f6-8eb9-5fce5f018154,7e6124ac-bc49-5c38-a1d9-1ee974ba0c90,2,Y06,"KaushalSetu synthetic generator v2, seed 20260929",2026-09-28T12:00:00+05:30,"SYNTHETIC demo data (KaushalSetu SIH prototype): fictional entities, team-assumed numbers, not real or official statistics.",true
8ac33648-595d-52f6-8eb9-5fce5f018154,1410f386-d9ff-5480-898b-1c4f925f7b61,2,Y06,"KaushalSetu synthetic generator v2, seed 20260929",2026-09-28T12:00:00+05:30,"SYNTHETIC demo data (KaushalSetu SIH prototype): fictional entities, team-assumed numbers, not real or official statistics.",true
