title,description,employer,location,district,sector,posted_date,source,source_ref,license_note,is_synthetic
EV Technician,EV technician required with battery diagnostics and charging station experience.,Example EV Garage 31,"Ambad MIDC, Nashik",Nashik,EV,2026-09-10,Y16,job_postings_sample.csv row 2,"SYNTHETIC sample ad written by the team to test the pipeline; not a real job ad.",true
Electrician (ITI),"Need electrician for house wiring, earthing and MCB panel work. 2-4 years experience.",Example Electrical Contractor 31,"Satpur, Nasik",,ELECTRICAL,12/09/2026,Y16,job_postings_sample.csv row 3,"SYNTHETIC sample ad written by the team to test the pipeline; not a real job ad.",true
Solar Panel Fitter,,Example Solar Installer 31,"Chakan MIDC, Pune",MH-PUNE,SOLAR_PV,2026-08-28,Y16,job_postings_sample.csv row 4,"SYNTHETIC sample ad written by the team to test the pipeline; not a real job ad.",true
EV Technician,EV technician required with battery diagnostics and charging station experience!,Example EV Garage 31,"Ambad MIDC, Nashik",Nashik,EV,2026-09-11,Y16,job_postings_sample.csv row 5 (repeat of row 2),"SYNTHETIC sample ad written by the team to test the pipeline; not a real job ad.",true
Wireman,House wiring and cable jointing for new flats.,Example Electrical Contractor 32,"Kagal, Kolhapur",Kolhapur,ELECTRICAL,31/02/2026,Y16,job_postings_sample.csv row 6 (invalid date),"SYNTHETIC sample ad written by the team to test the pipeline; not a real job ad.",true
Maintenance Technician,"Skills required: PLC programming, SCADA and VFD commissioning.",Example Electrical Contractor 33,"Shiroli MIDC, Kolhapur",Kolhapur,ELECTRICAL,2026-07-21,Y16,job_postings_sample.csv row 7,"SYNTHETIC sample ad written by the team to test the pipeline; not a real job ad.",true
इलेक्ट्रीशियन,बिजली वायरिंग और विद्युत सुरक्षा का अनुभव जरूरी। संपर्क: 98765 43210,Example Electrical Contractor 34,"Hingna MIDC, Nagpur",Nagpur,ELECTRICAL,2026-08-03,Y16,job_postings_sample.csv row 8,"SYNTHETIC sample ad written by the team to test the pipeline; not a real job ad.",true
इलेक्ट्रिशियन पाहिजे,घरगुती वायरिंग आणि विद्युत सुरक्षा. अनुभव - 1-2 वर्षे.,Example Electrical Contractor 35,"Shiroli MIDC, Kolhapur",Kolhapur,ELECTRICAL,2026-08-19,Y16,job_postings_sample.csv row 9,"SYNTHETIC sample ad written by the team to test the pipeline; not a real job ad.",true
Accountant,Accountant required for our office. Tally knowledge needed.,Example Trading Company 01,"Hadapsar, Pune",Pune,,2026-09-02,Y16,job_postings_sample.csv row 10,"SYNTHETIC sample ad written by the team to test the pipeline; not a real job ad.",true
Wiring helper,"Domestic wirring and cable jointing work, fresher can apply.",Example Electrical Contractor 36,Kagal,Kolhapur,ELECTRICAL,2026-09-15,Y16,job_postings_sample.csv row 11,"SYNTHETIC sample ad written by the team to test the pipeline; not a real job ad.",true
Solar O&M Technician,Grid-tie inverter servicing and insulation resistance testing at solar plants.,Example Solar Installer 32,Somewhere Industrial Estate,,SOLAR_PV,2026-08-08,Y16,job_postings_sample.csv row 12 (unknown place),"SYNTHETIC sample ad written by the team to test the pipeline; not a real job ad.",true
EV Charging Technician,Install EV chargers at housing societies.,Example EV Garage 32,"Bhosari MIDC, Pune",Pune,EV,2026-09-01,,,,
Battery Technician,Battery testing for e-rickshaws.,Example EV Garage 33,"Sinnar, Nashik",Nashik,EV,2026-09-05,Y16,job_postings_sample.csv row 14 (flag contradicts source),"SYNTHETIC sample ad written by the team to test the pipeline; not a real job ad.",false
Solar PV Installer,Rooftop solar installation and safety harness use.,Example Solar Installer 33,"Butibori MIDC, Nagpur",Nagpur,SOLAR_PV,2027-01-01,Y16,job_postings_sample.csv row 15 (future date),"SYNTHETIC sample ad written by the team to test the pipeline; not a real job ad.",true
Motor Rewinder,Armature winding and coil winding of pump motors.,Example Electrical Contractor 37,"Hingna MIDC, Nagpur",Nagpur,ELECTRICAL,2025-05-14,Y16,job_postings_sample.csv row 16,"SYNTHETIC sample ad written by the team to test the pipeline; not a real job ad.",true
EV Charging Technician,"Install EV chargers at housing societies. EV charger installation, cable laying and earthing.",Example EV Garage 34,"Bhosari MIDC, Pune",Pune,EV,2026-09-03,Y16,job_postings_sample.csv row 17,"SYNTHETIC sample ad written by the team to test the pipeline; not a real job ad.",true
Electrician,Industrial wiring and megger testing. Send your CV to jobs@example.com,Example Electrical Contractor 38,"Satpur MIDC, Nashik",Nashik,ELECTRICAL,2026-09-18,Y16,job_postings_sample.csv row 18,"SYNTHETIC sample ad written by the team to test the pipeline; not a real job ad.",true
